time,weather_code,temperature_2m_mean,temperature_2m_max,temperature_2m_min,apparent_temperature_mean,apparent_temperature_max,apparent_temperature_min,relative_humidity_2m_mean,cloud_cover_mean,precipitation_sum,rain_sum,snowfall_sum,wind_speed_10m_mean,wind_speed_10m_max,wind_gusts_10m_max,city,state,region,latitude,longitude
2025-12-01,51,41.3,45.3,37.1,37.4,41.4,33.0,86,85,0.008,0.008,0.0,2.2,5.0,10.1,Seattle,WA,Pacific Northwest,47.6062,-122.3321
2025-12-02,61,44.3,48.0,40.9,40.4,43.3,37.7,88,65,0.157,0.157,0.0,4.0,7.3,16.1,Seattle,WA,Pacific Northwest,47.6062,-122.3321
2025-12-03,51,43.1,45.5,40.5,40.0,42.9,36.9,92,100,0.016,0.016,0.0,2.0,4.3,7.6,Seattle,WA,Pacific Northwest,47.6062,-122.3321
2025-12-04,55,44.4,46.3,42.6,40.2,43.6,37.8,93,100,0.508,0.508,0.0,5.6,9.1,16.3,Seattle,WA,Pacific Northwest,47.6062,-122.3321
2025-12-05,63,49.8,55.2,45.8,43.6,48.1,41.2,90,96,0.579,0.579,0.0,12.9,22.5,43.4,Seattle,WA,Pacific Northwest,47.6062,-122.3321
2025-12-06,51,50.2,52.6,48.5,41.9,44.0,39.4,81,77,0.008,0.008,0.0,16.4,22.6,43.4,Seattle,WA,Pacific Northwest,47.6062,-122.3321
2025-12-07,63,50.3,54.9,48.1,44.7,47.5,42.9,88,82,0.346,0.346,0.0,11.5,18.9,36.5,Seattle,WA,Pacific Northwest,47.6062,-122.3321
2025-12-08,63,52.5,55.9,49.6,46.4,50.8,43.4,91,100,1.24,1.24,0.0,14.6,24.5,44.3,Seattle,WA,Pacific Northwest,47.6062,-122.3321
2025-12-09,63,49.4,51.5,47.9,45.3,48.4,43.9,87,100,0.551,0.551,0.0,7.0,11.7,22.4,Seattle,WA,Pacific Northwest,47.6062,-122.3321
2025-12-10,63,55.7,57.4,52.0,49.0,51.1,44.8,93,100,1.138,1.138,0.0,18.7,22.4,42.3,Seattle,WA,Pacific Northwest,47.6062,-122.3321
2025-12-11,61,49.4,56.3,46.7,45.5,51.2,40.1,88,100,0.429,0.429,0.0,6.7,19.2,36.2,Seattle,WA,Pacific Northwest,47.6062,-122.3321
2025-12-12,3,49.9,54.4,46.3,47.9,52.5,44.1,95,100,0.0,0.0,0.0,4.0,8.7,16.6,Seattle,WA,Pacific Northwest,47.6062,-122.3321
2025-12-13,3,49.9,54.6,47.0,47.3,53.5,43.4,93,73,0.0,0.0,0.0,4.9,8.3,15.7,Seattle,WA,Pacific Northwest,47.6062,-122.3321
2025-12-14,53,51.2,54.2,48.1,47.2,50.6,43.8,86,99,0.126,0.126,0.0,7.7,10.6,19.5,Seattle,WA,Pacific Northwest,47.6062,-122.3321
2025-12-15,63,53.7,58.1,49.3,46.7,51.1,41.4,86,81,0.665,0.665,0.0,16.5,24.1,47.0,Seattle,WA,Pacific Northwest,47.6062,-122.3321
2025-12-16,63,51.0,55.0,47.9,44.4,47.5,41.9,89,87,0.748,0.748,0.0,14.5,21.6,45.4,Seattle,WA,Pacific Northwest,47.6062,-122.3321
2025-12-17,63,47.2,53.8,43.7,38.6,47.7,33.6,78,68,0.618,0.618,0.0,15.2,25.5,49.9,Seattle,WA,Pacific Northwest,47.6062,-122.3321
2025-12-18,61,47.2,52.0,44.1,39.7,42.5,37.6,84,96,0.406,0.406,0.0,13.5,21.5,42.1,Seattle,WA,Pacific Northwest,47.6062,-122.3321
2025-12-19,3,42.3,45.9,40.7,33.9,39.7,31.9,81,42,0.0,0.0,0.0,12.9,17.2,36.5,Seattle,WA,Pacific Northwest,47.6062,-122.3321
2025-12-20,61,43.7,46.3,41.2,35.8,38.7,32.5,84,90,0.26,0.26,0.0,12.8,16.0,35.1,Seattle,WA,Pacific Northwest,47.6062,-122.3321
2025-12-21,53,46.0,49.3,44.2,39.6,44.2,37.0,80,88,0.059,0.059,0.0,9.5,12.8,25.7,Seattle,WA,Pacific Northwest,47.6062,-122.3321
2025-12-22,61,44.5,50.2,41.4,37.0,42.6,34.7,82,62,0.488,0.488,0.0,11.6,18.1,34.0,Seattle,WA,Pacific Northwest,47.6062,-122.3321
2025-12-23,3,42.1,44.2,38.8,37.8,41.0,34.5,87,77,0.0,0.0,0.0,3.7,9.9,22.8,Seattle,WA,Pacific Northwest,47.6062,-122.3321
2025-12-24,55,43.9,48.3,41.5,37.5,42.0,34.5,86,67,0.161,0.161,0.0,9.3,18.1,35.6,Seattle,WA,Pacific Northwest,47.6062,-122.3321
2025-12-25,61,42.0,44.0,40.4,36.7,40.5,34.0,91,91,0.118,0.118,0.0,6.6,11.3,23.3,Seattle,WA,Pacific Northwest,47.6062,-122.3321
2025-12-26,75,41.1,45.2,37.3,34.6,38.4,31.6,87,60,0.484,0.354,0.909,8.4,19.1,37.8,Seattle,WA,Pacific Northwest,47.6062,-122.3321
2025-12-27,71,38.5,42.1,34.3,33.3,36.1,29.4,81,61,0.02,0.016,0.028,3.7,6.4,14.8,Seattle,WA,Pacific Northwest,47.6062,-122.3321
2025-12-28,51,37.4,41.3,31.7,32.7,36.2,26.6,84,88,0.004,0.004,0.0,2.5,4.3,9.4,Seattle,WA,Pacific Northwest,47.6062,-122.3321
2025-12-29,51,38.0,42.1,34.7,32.9,37.4,29.5,86,98,0.004,0.004,0.0,3.7,5.2,11.2,Seattle,WA,Pacific Northwest,47.6062,-122.3321
2025-12-30,3,38.2,44.1,34.5,33.2,39.5,28.9,84,73,0.0,0.0,0.0,3.6,5.0,11.2,Seattle,WA,Pacific Northwest,47.6062,-122.3321
2025-12-31,3,36.8,42.2,33.8,32.2,38.4,28.7,84,52,0.0,0.0,0.0,2.1,3.5,8.7,Seattle,WA,Pacific Northwest,47.6062,-122.3321
2026-01-01,51,37.9,40.3,34.7,33.6,36.9,30.1,90,100,0.047,0.047,0.0,2.4,4.9,7.8,Seattle,WA,Pacific Northwest,47.6062,-122.3321
2026-01-02,53,42.4,44.5,39.8,39.2,41.7,35.2,96,100,0.283,0.283,0.0,2.6,5.9,9.4,Seattle,WA,Pacific Northwest,47.6062,-122.3321
2026-01-03,63,47.3,54.9,42.3,42.8,51.1,37.2,87,92,0.492,0.492,0.0,6.9,13.0,25.1,Seattle,WA,Pacific Northwest,47.6062,-122.3321
2026-01-04,63,46.1,48.6,41.6,39.8,41.8,35.6,85,85,0.457,0.457,0.0,10.2,15.9,28.6,Seattle,WA,Pacific Northwest,47.6062,-122.3321
2026-01-05,61,41.9,44.5,40.0,37.6,41.2,33.5,89,95,0.134,0.134,0.0,4.0,10.1,17.9,Seattle,WA,Pacific Northwest,47.6062,-122.3321
2026-01-06,61,42.9,45.0,40.8,34.2,39.1,30.3,87,90,0.5,0.5,0.0,14.6,21.1,38.7,Seattle,WA,Pacific Northwest,47.6062,-122.3321
2026-01-07,71,40.3,41.9,39.0,32.7,37.9,29.5,87,84,0.106,0.098,0.055,10.8,15.7,32.2,Seattle,WA,Pacific Northwest,47.6062,-122.3321
2026-01-08,75,41.0,44.5,36.5,35.1,39.1,31.2,87,80,0.303,0.193,0.772,7.1,14.0,27.7,Seattle,WA,Pacific Northwest,47.6062,-122.3321
2026-01-09,51,45.3,51.0,42.6,40.5,47.6,36.5,85,93,0.012,0.012,0.0,6.3,11.0,22.4,Seattle,WA,Pacific Northwest,47.6062,-122.3321
2026-01-10,61,43.8,48.9,39.4,38.6,43.3,33.9,81,100,0.311,0.311,0.0,5.8,10.5,20.6,Seattle,WA,Pacific Northwest,47.6062,-122.3321
2026-01-11,63,45.8,48.8,43.7,41.6,44.1,39.2,91,100,1.15,1.15,0.0,6.2,11.9,17.7,Seattle,WA,Pacific Northwest,47.6062,-122.3321
2026-01-12,63,50.6,52.9,48.6,44.8,48.6,41.4,85,100,0.65,0.65,0.0,11.3,13.3,25.1,Seattle,WA,Pacific Northwest,47.6062,-122.3321
2026-01-13,3,52.7,55.5,50.9,50.8,55.2,47.5,94,99,0.0,0.0,0.0,5.3,11.5,21.3,Seattle,WA,Pacific Northwest,47.6062,-122.3321
2026-01-14,51,49.2,51.2,47.5,47.7,50.7,44.9,96,99,0.008,0.008,0.0,2.4,5.8,11.6,Seattle,WA,Pacific Northwest,47.6062,-122.3321
2026-01-15,3,46.9,48.4,44.7,41.8,44.3,38.6,92,92,0.0,0.0,0.0,8.8,11.6,24.8,Seattle,WA,Pacific Northwest,47.6062,-122.3321
2026-01-16,3,44.5,49.7,41.0,38.9,44.2,35.7,83,30,0.0,0.0,0.0,7.4,9.3,19.2,Seattle,WA,Pacific Northwest,47.6062,-122.3321
2026-01-17,1,41.1,49.0,36.7,36.2,44.5,30.9,83,11,0.0,0.0,0.0,4.4,5.9,13.2,Seattle,WA,Pacific Northwest,47.6062,-122.3321
2026-01-18,2,39.7,48.3,35.0,35.1,44.2,30.1,84,15,0.0,0.0,0.0,3.2,6.2,11.9,Seattle,WA,Pacific Northwest,47.6062,-122.3321
2026-01-19,2,38.8,46.8,34.2,34.0,42.6,28.3,85,13,0.0,0.0,0.0,3.5,4.9,11.4,Seattle,WA,Pacific Northwest,47.6062,-122.3321
2026-01-20,3,38.1,46.0,34.7,33.0,40.7,28.7,90,68,0.0,0.0,0.0,4.4,6.6,14.3,Seattle,WA,Pacific Northwest,47.6062,-122.3321
2026-01-21,3,37.4,44.6,32.8,32.3,40.5,27.2,83,14,0.0,0.0,0.0,3.2,3.9,10.5,Seattle,WA,Pacific Northwest,47.6062,-122.3321
2026-01-22,3,35.3,40.8,32.5,30.5,36.3,27.0,85,68,0.0,0.0,0.0,2.2,3.5,8.7,Seattle,WA,Pacific Northwest,47.6062,-122.3321
2026-01-23,3,37.7,44.3,33.2,31.8,37.6,27.2,80,9,0.0,0.0,0.0,4.8,7.6,17.0,Seattle,WA,Pacific Northwest,47.6062,-122.3321
2026-01-24,3,34.8,41.5,30.4,29.3,36.0,24.4,78,28,0.0,0.0,0.0,2.9,4.4,10.3,Seattle,WA,Pacific Northwest,47.6062,-122.3321
2026-01-25,3,34.0,41.2,29.3,28.5,36.0,23.0,78,54,0.0,0.0,0.0,2.4,4.0,8.5,Seattle,WA,Pacific Northwest,47.6062,-122.3321
2026-01-26,3,37.1,45.7,31.1,31.8,39.3,26.0,76,81,0.0,0.0,0.0,2.6,6.3,12.8,Seattle,WA,Pacific Northwest,47.6062,-122.3321
2026-01-27,51,41.8,49.8,35.7,36.3,43.4,30.6,70,100,0.031,0.031,0.0,4.1,9.2,18.6,Seattle,WA,Pacific Northwest,47.6062,-122.3321
2026-01-28,53,45.5,48.5,42.3,40.4,44.4,36.0,89,100,0.276,0.276,0.0,7.5,10.3,18.1,Seattle,WA,Pacific Northwest,47.6062,-122.3321
2026-01-29,61,47.5,51.2,46.1,42.8,47.5,40.1,88,100,0.469,0.469,0.0,7.6,11.4,21.5,Seattle,WA,Pacific Northwest,47.6062,-122.3321
2026-01-30,63,48.6,53.3,44.9,44.4,50.0,40.9,89,97,0.201,0.201,0.0,7.2,11.7,21.7,Seattle,WA,Pacific Northwest,47.6062,-122.3321
2026-01-31,61,49.4,56.3,45.7,47.6,56.3,43.1,94,98,0.091,0.091,0.0,2.7,6.3,14.5,Seattle,WA,Pacific Northwest,47.6062,-122.3321
2026-02-01,63,48.8,53.7,45.9,43.3,47.6,39.8,84,93,0.276,0.276,0.0,9.4,14.3,32.0,Seattle,WA,Pacific Northwest,47.6062,-122.3321
2026-02-02,63,47.8,52.3,43.4,43.0,48.6,37.5,88,99,0.673,0.673,0.0,7.8,11.8,20.8,Seattle,WA,Pacific Northwest,47.6062,-122.3321
2026-02-03,3,49.4,52.5,44.2,47.4,51.6,40.7,91,98,0.0,0.0,0.0,2.9,6.9,9.6,Seattle,WA,Pacific Northwest,47.6062,-122.3321
2026-02-04,3,50.4,56.7,45.3,48.0,56.1,42.1,84,80,0.0,0.0,0.0,3.0,8.0,15.2,Seattle,WA,Pacific Northwest,47.6062,-122.3321
2026-02-05,3,45.9,53.9,41.0,42.3,52.7,36.2,89,55,0.0,0.0,0.0,4.4,6.7,15.0,Seattle,WA,Pacific Northwest,47.6062,-122.3321
2026-02-06,3,46.5,57.3,37.8,42.0,53.0,33.4,79,43,0.0,0.0,0.0,5.1,9.3,17.0,Seattle,WA,Pacific Northwest,47.6062,-122.3321
2026-02-07,63,48.3,51.6,45.3,42.6,45.0,40.3,88,87,0.732,0.732,0.0,10.3,17.6,31.1,Seattle,WA,Pacific Northwest,47.6062,-122.3321
2026-02-08,3,46.4,48.9,42.3,43.2,46.3,39.7,92,98,0.0,0.0,0.0,4.1,11.0,21.7,Seattle,WA,Pacific Northwest,47.6062,-122.3321
2026-02-09,53,45.5,50.6,42.4,39.1,43.6,35.7,85,73,0.043,0.043,0.0,9.9,13.1,28.9,Seattle,WA,Pacific Northwest,47.6062,-122.3321
2026-02-10,3,44.5,52.3,38.7,39.9,47.3,34.7,86,30,0.0,0.0,0.0,5.4,10.3,19.7,Seattle,WA,Pacific Northwest,47.6062,-122.3321
2026-02-11,3,44.0,48.7,39.1,38.6,44.8,35.2,86,53,0.0,0.0,0.0,7.2,9.8,20.4,Seattle,WA,Pacific Northwest,47.6062,-122.3321
2026-02-12,3,42.7,51.6,36.5,38.3,47.5,32.8,86,68,0.0,0.0,0.0,4.0,7.7,15.9,Seattle,WA,Pacific Northwest,47.6062,-122.3321
2026-02-13,61,45.2,46.8,42.6,39.4,42.2,37.0,87,100,0.382,0.382,0.0,8.6,10.9,19.0,Seattle,WA,Pacific Northwest,47.6062,-122.3321
2026-02-14,3,42.8,47.9,39.4,37.2,43.4,32.7,83,85,0.0,0.0,0.0,6.7,10.0,18.3,Seattle,WA,Pacific Northwest,47.6062,-122.3321
2026-02-15,3,41.9,45.7,38.9,35.6,40.4,32.7,79,36,0.0,0.0,0.0,7.5,12.4,24.8,Seattle,WA,Pacific Northwest,47.6062,-122.3321
2026-02-16,51,38.9,44.2,36.6,32.8,37.0,31.1,87,78,0.016,0.016,0.0,6.7,14.2,29.8,Seattle,WA,Pacific Northwest,47.6062,-122.3321
2026-02-17,73,38.5,45.0,33.3,33.0,38.9,28.6,82,63,0.075,0.035,0.276,4.4,7.8,17.7,Seattle,WA,Pacific Northwest,47.6062,-122.3321
2026-02-18,75,36.9,42.2,33.6,31.2,36.3,27.1,85,89,0.323,0.071,1.764,4.8,6.6,16.1,Seattle,WA,Pacific Northwest,47.6062,-122.3321
2026-02-19,71,36.9,39.7,35.2,29.6,31.3,28.0,74,97,0.035,0.028,0.055,7.2,12.6,26.8,Seattle,WA,Pacific Northwest,47.6062,-122.3321
2026-02-20,3,36.6,40.9,31.9,31.4,36.2,26.6,76,98,0.0,0.0,0.0,2.5,4.3,9.6,Seattle,WA,Pacific Northwest,47.6062,-122.3321
2026-02-21,55,42.3,46.4,39.0,34.1,38.6,30.2,63,91,0.13,0.13,0.0,10.1,12.6,24.8,Seattle,WA,Pacific Northwest,47.6062,-122.3321
2026-02-22,61,47.1,52.2,44.1,40.7,47.7,34.1,71,98,0.413,0.413,0.0,8.7,16.7,32.7,Seattle,WA,Pacific Northwest,47.6062,-122.3321
2026-02-23,63,45.5,48.1,42.0,39.7,42.1,37.6,84,100,0.413,0.413,0.0,8.5,12.7,25.5,Seattle,WA,Pacific Northwest,47.6062,-122.3321
2026-02-24,3,42.8,47.1,39.6,37.1,41.3,34.2,82,54,0.0,0.0,0.0,6.7,10.5,23.7,Seattle,WA,Pacific Northwest,47.6062,-122.3321
2026-02-25,3,42.0,52.1,35.4,35.8,45.6,29.4,81,58,0.0,0.0,0.0,7.1,14.4,28.4,Seattle,WA,Pacific Northwest,47.6062,-122.3321
2026-02-26,3,46.2,51.7,42.4,37.0,42.9,32.9,74,70,0.0,0.0,0.0,15.3,18.9,39.6,Seattle,WA,Pacific Northwest,47.6062,-122.3321
2026-02-27,51,46.9,52.6,43.7,41.3,47.7,37.8,77,74,0.051,0.051,0.0,7.4,11.9,24.4,Seattle,WA,Pacific Northwest,47.6062,-122.3321
2026-02-28,3,45.0,49.5,42.0,39.1,42.6,36.6,79,94,0.0,0.0,0.0,7.8,12.0,26.8,Seattle,WA,Pacific Northwest,47.6062,-122.3321
2025-12-01,3,58.7,69.4,49.4,56.5,65.6,47.2,61,30,0.0,0.0,0.0,1.5,2.6,10.5,Phoenix,AZ,Southwest,33.4484,-112.074
2025-12-02,3,55.1,67.6,43.9,50.9,62.7,39.6,49,13,0.0,0.0,0.0,2.0,3.2,9.4,Phoenix,AZ,Southwest,33.4484,-112.074
2025-12-03,1,53.4,64.8,43.3,49.8,59.3,40.2,61,4,0.0,0.0,0.0,2.3,5.2,13.9,Phoenix,AZ,Southwest,33.4484,-112.074
2025-12-04,1,53.5,64.3,43.8,48.4,57.8,40.1,45,3,0.0,0.0,0.0,2.5,4.2,12.8,Phoenix,AZ,Southwest,33.4484,-112.074
2025-12-05,3,52.3,63.9,42.9,47.7,58.4,38.1,47,15,0.0,0.0,0.0,1.6,3.4,9.6,Phoenix,AZ,Southwest,33.4484,-112.074
2025-12-06,0,52.8,65.4,41.7,48.7,61.0,37.3,53,0,0.0,0.0,0.0,1.9,3.4,9.4,Phoenix,AZ,Southwest,33.4484,-112.074
2025-12-07,0,54.9,68.7,42.3,51.3,65.3,38.3,55,0,0.0,0.0,0.0,1.8,3.0,7.6,Phoenix,AZ,Southwest,33.4484,-112.074
2025-12-08,1,56.1,69.0,44.0,51.9,64.8,40.4,50,1,0.0,0.0,0.0,2.2,4.0,9.2,Phoenix,AZ,Southwest,33.4484,-112.074
2025-12-09,1,57.6,71.1,44.9,53.1,66.3,40.8,41,2,0.0,0.0,0.0,1.7,3.8,8.1,Phoenix,AZ,Southwest,33.4484,-112.074
2025-12-10,0,58.0,72.8,44.7,53.7,68.5,40.4,43,0,0.0,0.0,0.0,1.9,3.1,8.5,Phoenix,AZ,Southwest,33.4484,-112.074
2025-12-11,0,61.3,76.4,48.2,57.3,72.4,44.1,42,0,0.0,0.0,0.0,2.0,4.6,9.8,Phoenix,AZ,Southwest,33.4484,-112.074
2025-12-12,3,61.5,76.4,49.6,57.9,72.6,45.5,46,14,0.0,0.0,0.0,2.1,4.7,10.1,Phoenix,AZ,Southwest,33.4484,-112.074
2025-12-13,3,60.7,74.6,49.2,57.7,71.9,45.2,50,56,0.0,0.0,0.0,1.8,3.7,8.5,Phoenix,AZ,Southwest,33.4484,-112.074
2025-12-14,3,62.8,78.4,50.2,58.7,75.5,45.8,41,69,0.0,0.0,0.0,2.7,5.3,11.4,Phoenix,AZ,Southwest,33.4484,-112.074
2025-12-15,3,63.8,77.4,52.2,59.6,73.1,48.5,37,17,0.0,0.0,0.0,2.4,4.1,8.5,Phoenix,AZ,Southwest,33.4484,-112.074
2025-12-16,2,59.5,71.6,48.4,55.3,67.5,43.8,41,6,0.0,0.0,0.0,1.8,3.4,9.6,Phoenix,AZ,Southwest,33.4484,-112.074
2025-12-17,3,58.4,71.1,46.8,54.7,67.0,42.2,47,34,0.0,0.0,0.0,1.9,4.1,8.5,Phoenix,AZ,Southwest,33.4484,-112.074
2025-12-18,3,59.0,71.9,47.3,55.3,68.2,43.1,45,30,0.0,0.0,0.0,1.7,3.4,7.8,Phoenix,AZ,Southwest,33.4484,-112.074
2025-12-19,3,59.9,74.6,47.5,55.8,70.7,43.3,44,52,0.0,0.0,0.0,2.3,3.7,8.7,Phoenix,AZ,Southwest,33.4484,-112.074
2025-12-20,3,61.2,74.4,48.3,57.3,70.7,44.3,43,32,0.0,0.0,0.0,2.0,4.6,10.5,Phoenix,AZ,Southwest,33.4484,-112.074
2025-12-21,3,62.7,76.4,50.7,58.8,73.6,45.7,38,15,0.0,0.0,0.0,2.0,4.1,8.7,Phoenix,AZ,Southwest,33.4484,-112.074
2025-12-22,3,62.3,76.7,50.3,59.0,73.7,46.1,45,71,0.0,0.0,0.0,2.2,4.9,10.5,Phoenix,AZ,Southwest,33.4484,-112.074
2025-12-23,3,62.4,74.0,53.1,58.7,71.4,48.1,48,98,0.0,0.0,0.0,4.0,8.2,17.4,Phoenix,AZ,Southwest,33.4484,-112.074
2025-12-24,53,63.9,66.8,61.2,62.5,65.4,59.5,69,93,0.059,0.059,0.0,6.1,7.7,16.8,Phoenix,AZ,Southwest,33.4484,-112.074
2025-12-25,65,64.2,69.9,60.3,65.6,71.4,60.7,81,63,0.583,0.583,0.0,3.1,6.3,17.2,Phoenix,AZ,Southwest,33.4484,-112.074
2025-12-26,3,61.9,69.2,54.2,63.1,71.3,54.0,83,68,0.0,0.0,0.0,1.9,3.9,8.1,Phoenix,AZ,Southwest,33.4484,-112.074
2025-12-27,3,61.7,68.0,54.6,60.7,65.0,52.0,69,68,0.0,0.0,0.0,2.9,5.9,15.9,Phoenix,AZ,Southwest,33.4484,-112.074
2025-12-28,3,55.5,65.4,46.9,52.8,62.4,44.8,62,54,0.0,0.0,0.0,1.8,3.2,8.9,Phoenix,AZ,Southwest,33.4484,-112.074
2025-12-29,3,59.7,73.0,47.3,54.0,65.4,42.8,38,84,0.0,0.0,0.0,4.6,10.4,24.4,Phoenix,AZ,Southwest,33.4484,-112.074
2025-12-30,3,62.6,73.5,53.8,55.6,66.3,47.0,25,98,0.0,0.0,0.0,5.4,7.7,19.7,Phoenix,AZ,Southwest,33.4484,-112.074
2025-12-31,3,59.7,67.8,53.6,55.3,63.6,48.4,41,99,0.0,0.0,0.0,3.0,5.4,12.5,Phoenix,AZ,Southwest,33.4484,-112.074
2026-01-01,53,60.4,65.8,57.8,60.9,67.1,56.0,82,78,0.138,0.138,0.0,2.4,5.2,13.0,Phoenix,AZ,Southwest,33.4484,-112.074
2026-01-02,53,60.6,68.4,54.1,61.8,70.2,54.5,85,50,0.083,0.083,0.0,1.8,4.0,9.8,Phoenix,AZ,Southwest,33.4484,-112.074
2026-01-03,3,59.3,68.9,51.0,58.7,67.4,49.5,75,87,0.0,0.0,0.0,2.0,3.6,10.3,Phoenix,AZ,Southwest,33.4484,-112.074
2026-01-04,3,60.2,70.2,50.7,59.2,68.7,49.3,69,61,0.0,0.0,0.0,2.0,3.7,10.1,Phoenix,AZ,Southwest,33.4484,-112.074
2026-01-05,3,59.7,67.8,50.6,58.2,65.8,48.3,64,86,0.0,0.0,0.0,1.6,3.5,11.0,Phoenix,AZ,Southwest,33.4484,-112.074
2026-01-06,3,57.9,69.0,47.6,55.4,65.3,45.3,59,81,0.0,0.0,0.0,1.5,3.1,9.8,Phoenix,AZ,Southwest,33.4484,-112.074
2026-01-07,63,54.8,58.9,50.7,52.5,57.1,48.4,75,95,0.346,0.346,0.0,3.6,6.6,13.6,Phoenix,AZ,Southwest,33.4484,-112.074
2026-01-08,63,51.5,56.9,47.8,48.8,52.9,42.9,84,57,0.469,0.469,0.0,4.3,10.0,29.8,Phoenix,AZ,Southwest,33.4484,-112.074
2026-01-09,2,47.5,57.0,39.8,42.5,52.0,35.3,60,3,0.0,0.0,0.0,3.5,8.0,16.1,Phoenix,AZ,Southwest,33.4484,-112.074
2026-01-10,0,47.8,58.4,37.5,41.4,53.2,30.0,44,0,0.0,0.0,0.0,4.5,6.8,14.1,Phoenix,AZ,Southwest,33.4484,-112.074
2026-01-11,0,55.1,69.0,41.9,47.0,58.8,35.3,29,0,0.0,0.0,0.0,6.9,12.4,30.2,Phoenix,AZ,Southwest,33.4484,-112.074
2026-01-12,3,57.7,70.4,45.5,50.6,63.1,39.1,27,28,0.0,0.0,0.0,4.8,8.0,20.8,Phoenix,AZ,Southwest,33.4484,-112.074
2026-01-13,0,57.9,72.1,44.0,52.2,66.9,38.4,31,0,0.0,0.0,0.0,2.2,5.0,10.7,Phoenix,AZ,Southwest,33.4484,-112.074
2026-01-14,0,60.3,77.0,44.6,54.7,70.8,39.6,35,2,0.0,0.0,0.0,3.7,8.1,18.6,Phoenix,AZ,Southwest,33.4484,-112.074
2026-01-15,3,64.0,77.4,51.5,58.7,72.6,46.3,29,21,0.0,0.0,0.0,2.8,5.3,14.8,Phoenix,AZ,Southwest,33.4484,-112.074
2026-01-16,1,60.4,74.3,46.6,55.5,69.1,41.9,34,3,0.0,0.0,0.0,1.8,4.0,8.9,Phoenix,AZ,Southwest,33.4484,-112.074
2026-01-17,0,58.3,71.6,44.8,52.6,66.4,39.2,31,0,0.0,0.0,0.0,2.4,4.0,10.1,Phoenix,AZ,Southwest,33.4484,-112.074
2026-01-18,3,58.8,73.8,44.3,52.9,67.9,38.2,26,28,0.0,0.0,0.0,2.0,4.2,10.1,Phoenix,AZ,Southwest,33.4484,-112.074
2026-01-19,3,57.3,71.7,44.9,52.2,66.9,39.2,35,29,0.0,0.0,0.0,2.1,3.8,8.5,Phoenix,AZ,Southwest,33.4484,-112.074
2026-01-20,1,58.2,72.3,45.0,53.0,67.3,39.7,34,2,0.0,0.0,0.0,1.9,4.0,9.4,Phoenix,AZ,Southwest,33.4484,-112.074
2026-01-21,3,55.8,68.3,43.1,50.5,63.2,37.7,37,92,0.0,0.0,0.0,2.2,4.5,10.5,Phoenix,AZ,Southwest,33.4484,-112.074
2026-01-22,3,60.0,71.4,49.7,55.4,66.8,44.4,36,75,0.0,0.0,0.0,1.7,3.6,9.2,Phoenix,AZ,Southwest,33.4484,-112.074
2026-01-23,61,61.6,70.7,54.5,58.0,67.9,49.8,46,95,0.091,0.091,0.0,3.2,5.1,13.6,Phoenix,AZ,Southwest,33.4484,-112.074
2026-01-24,51,58.6,66.9,51.3,55.5,61.2,49.8,59,54,0.008,0.008,0.0,3.1,7.8,18.1,Phoenix,AZ,Southwest,33.4484,-112.074
2026-01-25,2,55.3,64.6,46.1,49.6,58.0,40.9,30,16,0.0,0.0,0.0,2.0,3.7,11.4,Phoenix,AZ,Southwest,33.4484,-112.074
2026-01-26,3,54.8,67.5,41.6,47.6,59.1,34.8,26,91,0.0,0.0,0.0,3.9,6.7,17.2,Phoenix,AZ,Southwest,33.4484,-112.074
2026-01-27,3,57.5,71.6,43.9,51.0,65.6,37.9,20,17,0.0,0.0,0.0,1.9,3.7,11.2,Phoenix,AZ,Southwest,33.4484,-112.074
2026-01-28,3,59.8,74.1,46.0,53.4,68.4,40.5,22,94,0.0,0.0,0.0,2.5,5.2,11.6,Phoenix,AZ,Southwest,33.4484,-112.074
2026-01-29,3,60.0,73.8,46.9,53.7,67.1,40.9,22,62,0.0,0.0,0.0,2.0,4.1,10.1,Phoenix,AZ,Southwest,33.4484,-112.074
2026-01-30,1,59.0,74.2,43.5,53.0,68.0,37.8,26,2,0.0,0.0,0.0,2.3,4.8,9.6,Phoenix,AZ,Southwest,33.4484,-112.074
2026-01-31,0,63.3,78.9,49.9,56.7,71.8,42.9,20,0,0.0,0.0,0.0,3.2,5.0,13.4,Phoenix,AZ,Southwest,33.4484,-112.074
2026-02-01,3,66.4,82.6,51.0,59.9,75.8,44.4,20,4,0.0,0.0,0.0,3.8,5.8,16.8,Phoenix,AZ,Southwest,33.4484,-112.074
2026-02-02,3,65.5,77.6,55.0,59.6,72.2,49.0,24,84,0.0,0.0,0.0,3.1,4.4,11.6,Phoenix,AZ,Southwest,33.4484,-112.074
2026-02-03,2,65.6,80.2,50.9,60.2,75.0,45.6,24,4,0.0,0.0,0.0,2.0,4.0,8.9,Phoenix,AZ,Southwest,33.4484,-112.074
2026-02-04,0,67.7,83.5,51.7,59.9,74.6,44.9,16,0,0.0,0.0,0.0,5.4,9.9,24.2,Phoenix,AZ,Southwest,33.4484,-112.074
2026-02-05,3,69.8,79.2,60.9,62.0,70.9,52.4,17,45,0.0,0.0,0.0,6.6,9.9,21.3,Phoenix,AZ,Southwest,33.4484,-112.074
2026-02-06,3,68.8,80.0,57.1,62.8,74.3,50.1,20,51,0.0,0.0,0.0,3.5,5.1,14.8,Phoenix,AZ,Southwest,33.4484,-112.074
2026-02-07,3,67.9,80.5,55.5,63.1,76.2,49.5,26,24,0.0,0.0,0.0,2.3,4.5,10.5,Phoenix,AZ,Southwest,33.4484,-112.074
2026-02-08,0,68.4,82.8,54.6,63.3,78.3,48.7,24,0,0.0,0.0,0.0,2.1,4.2,10.1,Phoenix,AZ,Southwest,33.4484,-112.074
2026-02-09,0,68.5,83.0,55.0,63.3,77.8,48.0,21,0,0.0,0.0,0.0,1.8,6.3,13.2,Phoenix,AZ,Southwest,33.4484,-112.074
2026-02-10,3,67.1,81.1,53.8,62.1,75.4,48.4,27,67,0.0,0.0,0.0,2.8,5.2,13.6,Phoenix,AZ,Southwest,33.4484,-112.074
2026-02-11,3,69.6,80.2,61.2,66.1,76.5,57.0,34,100,0.0,0.0,0.0,2.9,5.4,13.6,Phoenix,AZ,Southwest,33.4484,-112.074
2026-02-12,3,67.4,78.7,55.7,64.0,75.1,53.3,36,93,0.0,0.0,0.0,1.4,2.7,9.2,Phoenix,AZ,Southwest,33.4484,-112.074
2026-02-13,53,63.5,67.9,59.4,59.4,63.4,54.4,40,88,0.028,0.028,0.0,3.3,7.3,17.4,Phoenix,AZ,Southwest,33.4484,-112.074
2026-02-14,3,61.6,72.1,51.3,58.7,69.0,49.3,50,7,0.0,0.0,0.0,2.3,4.9,12.8,Phoenix,AZ,Southwest,33.4484,-112.074
2026-02-15,3,63.3,74.7,50.4,59.2,70.7,47.0,40,81,0.0,0.0,0.0,3.0,4.4,15.0,Phoenix,AZ,Southwest,33.4484,-112.074
2026-02-16,61,64.6,73.9,54.1,59.1,67.3,49.9,38,97,0.11,0.11,0.0,6.1,10.5,25.9,Phoenix,AZ,Southwest,33.4484,-112.074
2026-02-17,63,58.8,65.6,53.6,55.4,60.5,51.3,63,64,0.335,0.335,0.0,5.4,11.8,30.0,Phoenix,AZ,Southwest,33.4484,-112.074
2026-02-18,51,54.7,63.9,49.3,50.6,55.8,45.5,66,68,0.031,0.031,0.0,5.7,15.0,35.1,Phoenix,AZ,Southwest,33.4484,-112.074
2026-02-19,3,52.8,61.4,43.1,47.6,56.1,38.6,44,22,0.0,0.0,0.0,3.1,7.4,20.1,Phoenix,AZ,Southwest,33.4484,-112.074
2026-02-20,51,55.6,62.2,49.2,49.6,56.9,44.3,36,40,0.004,0.004,0.0,4.5,8.5,19.0,Phoenix,AZ,Southwest,33.4484,-112.074
2026-02-21,3,56.5,69.9,41.7,50.9,64.0,36.4,33,24,0.0,0.0,0.0,2.5,5.0,16.1,Phoenix,AZ,Southwest,33.4484,-112.074
2026-02-22,3,66.5,81.0,53.2,59.8,73.9,47.3,22,40,0.0,0.0,0.0,4.8,8.5,23.3,Phoenix,AZ,Southwest,33.4484,-112.074
2026-02-23,3,70.1,84.1,55.3,64.2,77.8,50.3,20,28,0.0,0.0,0.0,3.2,7.0,17.2,Phoenix,AZ,Southwest,33.4484,-112.074
2026-02-24,3,69.0,83.7,53.2,63.3,77.2,47.2,22,56,0.0,0.0,0.0,3.1,5.6,17.2,Phoenix,AZ,Southwest,33.4484,-112.074
2026-02-25,3,72.1,86.4,56.8,67.1,81.1,50.8,22,18,0.0,0.0,0.0,2.9,6.3,17.4,Phoenix,AZ,Southwest,33.4484,-112.074
2026-02-26,3,74.8,88.5,59.9,71.3,85.2,55.2,28,23,0.0,0.0,0.0,2.4,4.7,13.2,Phoenix,AZ,Southwest,33.4484,-112.074
2026-02-27,3,76.9,91.2,61.5,73.5,89.2,58.9,27,47,0.0,0.0,0.0,2.3,4.5,13.2,Phoenix,AZ,Southwest,33.4484,-112.074
2026-02-28,3,76.4,91.2,60.6,72.4,87.1,56.9,25,63,0.0,0.0,0.0,2.7,5.1,14.1,Phoenix,AZ,Southwest,33.4484,-112.074
2025-12-01,51,76.4,81.1,73.4,81.7,86.3,79.2,79,21,0.024,0.024,0.0,5.9,9.0,19.2,Miami,FL,Southeast,25.7617,-80.1918
2025-12-02,55,78.0,82.6,73.8,81.6,85.7,78.7,76,53,0.102,0.102,0.0,9.8,14.0,32.0,Miami,FL,Southeast,25.7617,-80.1918
2025-12-03,3,74.4,80.3,70.0,80.2,86.4,75.5,84,70,0.0,0.0,0.0,3.9,6.6,16.3,Miami,FL,Southeast,25.7617,-80.1918
2025-12-04,3,73.6,79.6,67.5,77.6,84.5,69.8,77,68,0.0,0.0,0.0,4.9,6.7,18.6,Miami,FL,Southeast,25.7617,-80.1918
2025-12-05,3,76.3,81.6,71.5,81.0,85.1,77.0,77,28,0.0,0.0,0.0,6.3,10.9,26.6,Miami,FL,Southeast,25.7617,-80.1918
2025-12-06,51,75.7,82.6,68.6,82.0,87.0,75.4,84,47,0.016,0.016,0.0,4.5,9.5,22.8,Miami,FL,Southeast,25.7617,-80.1918
2025-12-07,55,75.4,81.4,69.6,82.2,88.1,75.1,87,63,0.079,0.079,0.0,4.4,8.2,19.7,Miami,FL,Southeast,25.7617,-80.1918
2025-12-08,63,75.8,82.9,70.2,81.7,90.0,72.5,87,74,0.232,0.232,0.0,6.7,11.2,25.7,Miami,FL,Southeast,25.7617,-80.1918
2025-12-09,61,71.6,74.0,69.5,74.9,78.7,72.5,89,95,0.248,0.248,0.0,8.9,12.1,29.3,Miami,FL,Southeast,25.7617,-80.1918
2025-12-10,53,74.2,78.9,70.0,80.0,86.6,72.0,86,42,0.039,0.039,0.0,4.7,7.9,15.9,Miami,FL,Southeast,25.7617,-80.1918
2025-12-11,3,65.1,71.7,56.7,64.5,71.7,52.1,75,68,0.0,0.0,0.0,6.7,11.9,23.7,Miami,FL,Southeast,25.7617,-80.1918
2025-12-12,3,68.2,75.6,60.6,68.4,76.1,59.5,71,79,0.0,0.0,0.0,6.2,8.1,18.1,Miami,FL,Southeast,25.7617,-80.1918
2025-12-13,53,74.2,79.0,70.8,75.6,80.2,71.3,70,70,0.079,0.079,0.0,8.4,10.1,23.7,Miami,FL,Southeast,25.7617,-80.1918
2025-12-14,55,73.6,80.2,68.5,79.8,87.2,73.3,87,75,0.37,0.37,0.0,3.6,8.6,17.9,Miami,FL,Southeast,25.7617,-80.1918
2025-12-15,55,69.8,73.2,67.0,69.5,73.7,66.4,80,48,0.15,0.15,0.0,11.6,16.7,37.8,Miami,FL,Southeast,25.7617,-80.1918
2025-12-16,3,70.3,73.6,68.2,68.3,71.3,66.1,66,39,0.0,0.0,0.0,11.4,13.1,31.1,Miami,FL,Southeast,25.7617,-80.1918
2025-12-17,51,73.3,76.1,70.9,73.5,75.7,69.7,68,56,0.016,0.016,0.0,9.7,12.4,29.1,Miami,FL,Southeast,25.7617,-80.1918
2025-12-18,55,76.1,79.9,73.1,79.4,83.2,75.1,78,78,0.169,0.169,0.0,9.9,13.1,30.4,Miami,FL,Southeast,25.7617,-80.1918
2025-12-19,53,77.2,82.9,73.7,83.8,89.2,77.9,84,85,0.067,0.067,0.0,5.7,12.8,25.3,Miami,FL,Southeast,25.7617,-80.1918
2025-12-20,51,73.1,79.6,65.9,77.3,85.8,67.5,82,21,0.008,0.008,0.0,5.5,8.3,16.8,Miami,FL,Southeast,25.7617,-80.1918
2025-12-21,51,74.7,80.5,68.7,79.4,84.8,73.9,78,28,0.047,0.047,0.0,4.3,8.9,18.8,Miami,FL,Southeast,25.7617,-80.1918
2025-12-22,3,75.2,78.3,72.1,74.1,77.3,72.0,65,33,0.0,0.0,0.0,13.0,16.7,36.5,Miami,FL,Southeast,25.7617,-80.1918
2025-12-23,53,75.1,77.7,72.4,74.7,77.2,72.2,66,46,0.039,0.039,0.0,12.0,15.7,33.8,Miami,FL,Southeast,25.7617,-80.1918
2025-12-24,2,72.6,76.6,69.3,73.3,76.1,70.5,68,28,0.0,0.0,0.0,7.6,11.2,26.8,Miami,FL,Southeast,25.7617,-80.1918
2025-12-25,51,72.0,78.7,67.6,74.3,81.0,69.6,75,34,0.028,0.028,0.0,5.9,7.8,15.9,Miami,FL,Southeast,25.7617,-80.1918
2025-12-26,1,70.7,78.9,62.8,72.2,80.9,63.6,70,4,0.0,0.0,0.0,4.7,7.0,16.6,Miami,FL,Southeast,25.7617,-80.1918
2025-12-27,0,70.0,79.3,61.5,72.0,81.9,62.0,72,1,0.0,0.0,0.0,3.7,5.9,13.4,Miami,FL,Southeast,25.7617,-80.1918
2025-12-28,2,70.8,79.9,63.3,72.8,82.1,62.8,69,7,0.0,0.0,0.0,3.5,5.9,17.0,Miami,FL,Southeast,25.7617,-80.1918
2025-12-29,2,71.4,80.8,64.5,73.4,82.4,66.3,73,8,0.0,0.0,0.0,5.1,9.8,23.5,Miami,FL,Southeast,25.7617,-80.1918
2025-12-30,3,65.0,69.7,57.7,63.0,68.6,50.8,68,30,0.0,0.0,0.0,8.4,10.8,25.5,Miami,FL,Southeast,25.7617,-80.1918
2025-12-31,1,55.4,63.6,46.9,48.6,57.0,39.6,47,2,0.0,0.0,0.0,8.6,11.1,22.6,Miami,FL,Southeast,25.7617,-80.1918
2026-01-01,0,56.1,66.7,46.0,50.7,62.2,38.4,50,0,0.0,0.0,0.0,6.4,8.6,20.1,Miami,FL,Southeast,25.7617,-80.1918
2026-01-02,3,60.7,70.6,50.6,57.6,68.2,47.4,52,18,0.0,0.0,0.0,3.0,5.0,11.2,Miami,FL,Southeast,25.7617,-80.1918
2026-01-03,1,64.6,75.7,53.7,62.3,74.0,51.8,59,9,0.0,0.0,0.0,5.2,9.7,19.5,Miami,FL,Southeast,25.7617,-80.1918
2026-01-04,51,69.9,78.7,63.6,70.7,81.2,62.0,71,47,0.004,0.004,0.0,6.2,8.8,17.7,Miami,FL,Southeast,25.7617,-80.1918
2026-01-05,51,70.8,78.1,62.3,73.5,80.2,64.3,76,23,0.031,0.031,0.0,4.1,6.6,18.3,Miami,FL,Southeast,25.7617,-80.1918
2026-01-06,51,70.6,76.1,63.0,74.6,81.0,65.2,81,38,0.063,0.063,0.0,2.7,4.9,16.3,Miami,FL,Southeast,25.7617,-80.1918
2026-01-07,53,70.9,77.2,63.6,74.6,81.0,65.6,79,23,0.075,0.075,0.0,3.4,5.8,20.1,Miami,FL,Southeast,25.7617,-80.1918
2026-01-08,51,74.8,79.9,69.7,78.0,82.2,74.7,74,21,0.035,0.035,0.0,6.5,9.1,22.4,Miami,FL,Southeast,25.7617,-80.1918
2026-01-09,3,75.5,78.7,73.6,77.6,80.8,75.8,70,38,0.0,0.0,0.0,8.1,9.8,24.4,Miami,FL,Southeast,25.7617,-80.1918
2026-01-10,51,75.7,78.9,73.4,77.8,80.8,75.0,70,32,0.031,0.031,0.0,8.3,11.1,24.2,Miami,FL,Southeast,25.7617,-80.1918
2026-01-11,53,75.2,80.7,69.4,80.1,85.5,75.3,75,92,0.067,0.067,0.0,3.4,6.1,15.7,Miami,FL,Southeast,25.7617,-80.1918
2026-01-12,61,70.8,73.9,67.8,73.8,76.5,70.0,87,94,0.35,0.35,0.0,7.6,10.4,24.4,Miami,FL,Southeast,25.7617,-80.1918
2026-01-13,63,70.2,73.4,68.0,74.2,77.3,71.4,89,84,0.339,0.339,0.0,5.7,8.2,19.9,Miami,FL,Southeast,25.7617,-80.1918
2026-01-14,53,71.2,77.1,67.4,74.9,80.7,70.4,85,71,0.055,0.055,0.0,5.9,10.0,24.2,Miami,FL,Southeast,25.7617,-80.1918
2026-01-15,51,65.1,72.0,54.0,63.3,71.9,46.6,74,48,0.016,0.016,0.0,9.7,14.5,37.4,Miami,FL,Southeast,25.7617,-80.1918
2026-01-16,3,55.5,65.8,43.0,50.8,64.4,34.6,60,24,0.0,0.0,0.0,7.7,10.5,24.2,Miami,FL,Southeast,25.7617,-80.1918
2026-01-17,53,69.2,75.5,60.1,70.6,78.2,57.8,73,59,0.047,0.047,0.0,5.2,9.3,18.6,Miami,FL,Southeast,25.7617,-80.1918
2026-01-18,65,71.5,79.1,59.9,73.9,84.6,55.4,80,98,0.406,0.406,0.0,8.1,12.0,33.1,Miami,FL,Southeast,25.7617,-80.1918
2026-01-19,3,57.7,67.4,48.0,52.8,63.5,40.9,65,66,0.0,0.0,0.0,9.5,11.6,25.1,Miami,FL,Southeast,25.7617,-80.1918
2026-01-20,3,64.2,72.4,55.5,59.1,68.8,50.6,63,44,0.0,0.0,0.0,13.0,16.5,38.0,Miami,FL,Southeast,25.7617,-80.1918
2026-01-21,51,70.7,72.2,69.3,67.6,73.1,63.6,63,86,0.024,0.024,0.0,13.3,15.0,34.4,Miami,FL,Southeast,25.7617,-80.1918
2026-01-22,61,71.1,73.5,68.7,75.8,79.9,71.9,89,89,0.276,0.276,0.0,5.2,10.1,20.6,Miami,FL,Southeast,25.7617,-80.1918
2026-01-23,51,71.6,78.0,67.2,77.8,86.9,71.5,91,40,0.012,0.012,0.0,2.7,4.3,12.8,Miami,FL,Southeast,25.7617,-80.1918
2026-01-24,53,73.8,77.6,71.3,79.0,83.9,76.1,85,23,0.083,0.083,0.0,5.7,7.9,19.5,Miami,FL,Southeast,25.7617,-80.1918
2026-01-25,61,75.0,77.8,72.9,79.0,81.8,76.6,85,15,0.134,0.134,0.0,9.8,13.9,31.8,Miami,FL,Southeast,25.7617,-80.1918
2026-01-26,55,75.4,84.1,65.7,79.5,87.5,61.2,82,19,0.102,0.102,0.0,8.4,15.6,31.1,Miami,FL,Southeast,25.7617,-80.1918
2026-01-27,1,57.9,65.1,50.4,51.8,61.6,41.4,62,4,0.0,0.0,0.0,12.1,15.2,32.0,Miami,FL,Southeast,25.7617,-80.1918
2026-01-28,51,56.7,65.0,50.2,51.6,62.8,44.3,66,58,0.016,0.016,0.0,9.4,10.9,25.3,Miami,FL,Southeast,25.7617,-80.1918
2026-01-29,3,59.9,70.0,50.5,55.2,68.0,42.0,54,45,0.0,0.0,0.0,8.2,11.3,23.5,Miami,FL,Southeast,25.7617,-80.1918
2026-01-30,53,64.8,66.7,61.6,66.5,69.6,61.6,80,82,0.079,0.079,0.0,2.5,4.8,12.5,Miami,FL,Southeast,25.7617,-80.1918
2026-01-31,53,59.6,66.4,51.5,56.8,65.2,42.0,78,47,0.043,0.043,0.0,8.6,17.4,36.0,Miami,FL,Southeast,25.7617,-80.1918
2026-02-01,0,43.3,49.8,36.0,34.0,41.0,25.7,50,1,0.0,0.0,0.0,11.9,18.4,38.7,Miami,FL,Southeast,25.7617,-80.1918
2026-02-02,0,45.8,56.0,36.6,37.8,49.5,28.1,48,0,0.0,0.0,0.0,8.6,9.9,24.2,Miami,FL,Southeast,25.7617,-80.1918
2026-02-03,3,54.4,66.4,43.0,48.9,63.8,33.7,51,36,0.0,0.0,0.0,7.6,11.3,22.6,Miami,FL,Southeast,25.7617,-80.1918
2026-02-04,3,64.4,72.8,55.4,63.2,73.4,51.5,64,38,0.0,0.0,0.0,4.4,7.8,18.1,Miami,FL,Southeast,25.7617,-80.1918
2026-02-05,53,63.5,73.1,53.0,61.4,72.3,45.3,72,36,0.071,0.071,0.0,8.6,14.8,36.0,Miami,FL,Southeast,25.7617,-80.1918
2026-02-06,0,54.0,64.6,45.2,48.0,59.0,39.3,56,0,0.0,0.0,0.0,8.5,12.2,25.7,Miami,FL,Southeast,25.7617,-80.1918
2026-02-07,0,63.7,77.7,52.0,60.9,74.4,47.5,64,0,0.0,0.0,0.0,7.7,10.2,25.1,Miami,FL,Southeast,25.7617,-80.1918
2026-02-08,3,63.9,71.6,54.3,60.6,70.2,49.9,57,16,0.0,0.0,0.0,7.5,9.1,23.9,Miami,FL,Southeast,25.7617,-80.1918
2026-02-09,3,64.4,72.2,54.4,62.6,72.0,52.3,62,16,0.0,0.0,0.0,5.3,8.2,20.8,Miami,FL,Southeast,25.7617,-80.1918
2026-02-10,1,68.2,74.1,62.2,67.7,73.6,63.0,61,7,0.0,0.0,0.0,4.8,7.7,21.3,Miami,FL,Southeast,25.7617,-80.1918
2026-02-11,53,68.8,74.8,60.6,69.4,75.5,62.4,68,41,0.055,0.055,0.0,4.9,8.7,23.7,Miami,FL,Southeast,25.7617,-80.1918
2026-02-12,3,67.9,77.9,59.5,68.8,80.8,60.4,72,16,0.0,0.0,0.0,5.1,8.5,20.1,Miami,FL,Southeast,25.7617,-80.1918
2026-02-13,53,69.1,78.3,61.3,70.4,80.9,61.8,74,14,0.043,0.043,0.0,5.4,6.9,20.1,Miami,FL,Southeast,25.7617,-80.1918
2026-02-14,51,69.3,76.1,61.6,71.1,78.5,64.0,77,19,0.012,0.012,0.0,5.3,10.3,23.5,Miami,FL,Southeast,25.7617,-80.1918
2026-02-15,55,72.7,76.0,70.2,72.6,75.8,70.3,75,36,0.134,0.134,0.0,12.8,16.6,38.0,Miami,FL,Southeast,25.7617,-80.1918
2026-02-16,51,74.1,83.8,69.4,76.3,84.8,71.7,75,33,0.047,0.047,0.0,8.7,12.0,26.6,Miami,FL,Southeast,25.7617,-80.1918
2026-02-17,51,71.9,76.7,66.5,73.5,78.7,68.4,73,43,0.02,0.02,0.0,7.4,8.8,21.5,Miami,FL,Southeast,25.7617,-80.1918
2026-02-18,51,73.0,76.7,70.3,74.1,78.5,71.3,72,38,0.024,0.024,0.0,9.0,11.1,27.7,Miami,FL,Southeast,25.7617,-80.1918
2026-02-19,51,73.7,78.6,70.2,77.5,83.6,74.4,80,27,0.008,0.008,0.0,6.7,9.6,24.2,Miami,FL,Southeast,25.7617,-80.1918
2026-02-20,1,74.4,79.8,70.7,78.2,84.2,74.8,75,6,0.0,0.0,0.0,6.1,8.3,20.8,Miami,FL,Southeast,25.7617,-80.1918
2026-02-21,3,75.6,82.0,71.5,79.2,85.5,75.7,73,45,0.0,0.0,0.0,6.4,10.6,26.8,Miami,FL,Southeast,25.7617,-80.1918
2026-02-22,51,74.8,88.2,64.7,75.8,86.8,67.4,68,34,0.008,0.008,0.0,8.1,15.4,36.9,Miami,FL,Southeast,25.7617,-80.1918
2026-02-23,3,59.0,68.7,51.7,50.7,61.8,41.2,34,10,0.0,0.0,0.0,11.6,14.9,32.9,Miami,FL,Southeast,25.7617,-80.1918
2026-02-24,0,54.6,64.9,45.0,48.2,62.0,36.7,39,0,0.0,0.0,0.0,6.7,11.2,23.3,Miami,FL,Southeast,25.7617,-80.1918
2026-02-25,2,61.2,70.6,50.5,58.1,69.7,44.6,51,5,0.0,0.0,0.0,4.6,9.7,26.4,Miami,FL,Southeast,25.7617,-80.1918
2026-02-26,51,72.3,77.4,67.8,71.9,77.9,64.7,63,33,0.016,0.016,0.0,8.4,10.6,26.6,Miami,FL,Southeast,25.7617,-80.1918
2026-02-27,53,74.7,78.7,69.7,78.8,84.2,74.7,81,26,0.039,0.039,0.0,7.8,10.5,26.4,Miami,FL,Southeast,25.7617,-80.1918
2026-02-28,61,74.9,81.7,69.5,80.2,88.2,74.6,84,43,0.165,0.165,0.0,6.3,11.0,26.6,Miami,FL,Southeast,25.7617,-80.1918
2025-12-01,73,22.8,27.5,16.9,15.3,20.7,9.0,88,97,0.13,0.0,0.909,5.2,7.7,15.2,Chicago,IL,Midwest,41.8781,-87.6298
2025-12-02,73,19.9,25.1,15.7,11.3,18.1,6.9,91,97,0.028,0.0,0.193,7.4,11.0,21.0,Chicago,IL,Midwest,41.8781,-87.6298
2025-12-03,71,25.2,29.8,21.2,15.6,22.7,10.6,87,98,0.047,0.0,0.331,10.6,13.6,26.4,Chicago,IL,Midwest,41.8781,-87.6298
2025-12-04,3,13.7,20.8,9.0,4.0,10.1,-1.8,70,61,0.0,0.0,0.0,7.9,11.6,23.9,Chicago,IL,Midwest,41.8781,-87.6298
2025-12-05,3,17.0,25.1,8.1,6.8,15.1,-2.0,76,66,0.0,0.0,0.0,9.9,13.3,26.8,Chicago,IL,Midwest,41.8781,-87.6298
2025-12-06,3,28.8,31.0,24.8,21.7,25.5,16.2,84,87,0.0,0.0,0.0,5.3,10.6,20.8,Chicago,IL,Midwest,41.8781,-87.6298
2025-12-07,75,28.9,33.6,22.8,20.6,25.2,12.4,88,98,0.366,0.0,2.563,8.5,13.1,31.1,Chicago,IL,Midwest,41.8781,-87.6298
2025-12-08,3,20.9,27.2,17.1,13.1,19.2,7.0,81,84,0.0,0.0,0.0,5.0,10.7,20.4,Chicago,IL,Midwest,41.8781,-87.6298
2025-12-09,73,28.9,36.8,17.1,19.5,27.4,7.0,86,84,0.13,0.106,0.165,11.1,14.6,28.2,Chicago,IL,Midwest,41.8781,-87.6298
2025-12-10,73,32.5,38.8,26.3,22.6,28.8,16.9,84,94,0.126,0.079,0.331,13.4,17.5,34.7,Chicago,IL,Midwest,41.8781,-87.6298
2025-12-11,3,24.5,26.5,21.3,17.4,19.8,13.7,77,79,0.0,0.0,0.0,3.9,7.5,17.2,Chicago,IL,Midwest,41.8781,-87.6298
2025-12-12,3,26.1,29.7,22.5,18.9,22.1,15.7,83,89,0.0,0.0,0.0,4.7,10.6,21.5,Chicago,IL,Midwest,41.8781,-87.6298
2025-12-13,71,12.8,25.9,4.2,2.1,16.2,-7.2,68,83,0.043,0.0,0.303,10.0,13.4,28.6,Chicago,IL,Midwest,41.8781,-87.6298
2025-12-14,3,2.9,8.1,-1.8,-8.2,-1.2,-13.7,64,23,0.0,0.0,0.0,9.8,13.8,27.7,Chicago,IL,Midwest,41.8781,-87.6298
2025-12-15,3,10.8,20.5,0.9,0.8,12.2,-10.7,70,85,0.0,0.0,0.0,8.3,13.0,27.1,Chicago,IL,Midwest,41.8781,-87.6298
2025-12-16,3,25.2,36.6,13.2,16.1,27.0,5.2,78,43,0.0,0.0,0.0,9.2,13.9,29.3,Chicago,IL,Midwest,41.8781,-87.6298
2025-12-17,53,35.8,38.0,32.1,28.6,33.6,25.9,82,54,0.024,0.024,0.0,7.5,13.9,27.1,Chicago,IL,Midwest,41.8781,-87.6298
2025-12-18,63,40.9,50.2,24.0,31.8,42.0,11.7,87,100,0.272,0.272,0.0,15.1,19.3,44.5,Chicago,IL,Midwest,41.8781,-87.6298
2025-12-19,71,17.7,21.7,11.8,6.2,11.9,-1.7,54,79,0.004,0.0,0.028,11.9,17.5,40.0,Chicago,IL,Midwest,41.8781,-87.6298
2025-12-20,3,33.6,40.2,22.5,23.2,31.4,12.6,61,77,0.0,0.0,0.0,12.3,15.5,32.9,Chicago,IL,Midwest,41.8781,-87.6298
2025-12-21,3,26.1,31.4,19.0,17.3,23.8,10.4,52,13,0.0,0.0,0.0,6.4,14.5,32.0,Chicago,IL,Midwest,41.8781,-87.6298
2025-12-22,51,36.6,42.5,30.0,28.3,33.8,21.3,60,99,0.004,0.004,0.0,8.1,10.7,21.9,Chicago,IL,Midwest,41.8781,-87.6298
2025-12-23,3,41.6,49.7,37.0,35.6,45.2,29.8,77,79,0.0,0.0,0.0,6.5,8.0,15.9,Chicago,IL,Midwest,41.8781,-87.6298
2025-12-24,51,38.8,42.9,35.1,32.9,38.5,28.4,82,88,0.012,0.012,0.0,5.5,7.3,14.1,Chicago,IL,Midwest,41.8781,-87.6298
2025-12-25,51,39.3,41.8,37.6,32.7,38.2,29.9,87,99,0.008,0.008,0.0,8.2,12.3,25.1,Chicago,IL,Midwest,41.8781,-87.6298
2025-12-26,53,42.6,47.8,38.3,36.9,43.2,29.9,90,100,0.083,0.083,0.0,7.8,11.3,25.5,Chicago,IL,Midwest,41.8781,-87.6298
2025-12-27,51,39.5,42.5,37.6,33.9,36.6,32.5,90,100,0.004,0.004,0.0,6.2,10.2,20.4,Chicago,IL,Midwest,41.8781,-87.6298
2025-12-28,71,46.9,52.4,30.0,42.2,50.1,17.7,96,100,1.622,1.618,0.028,8.8,19.2,44.3,Chicago,IL,Midwest,41.8781,-87.6298
2025-12-29,73,20.7,26.4,17.1,7.9,12.9,2.7,74,99,0.087,0.0,0.606,16.5,22.8,53.7,Chicago,IL,Midwest,41.8781,-87.6298
2025-12-30,73,17.2,24.5,11.6,7.6,16.4,1.7,77,79,0.094,0.0,0.661,8.5,11.7,27.1,Chicago,IL,Midwest,41.8781,-87.6298
2025-12-31,73,29.7,34.2,21.6,21.0,25.8,10.5,87,92,0.094,0.035,0.413,9.7,14.0,29.1,Chicago,IL,Midwest,41.8781,-87.6298
2026-01-01,71,15.7,19.4,10.9,7.1,11.7,1.7,69,79,0.016,0.0,0.11,5.5,10.4,25.7,Chicago,IL,Midwest,41.8781,-87.6298
2026-01-02,3,19.1,21.6,16.5,10.7,13.8,7.4,71,55,0.0,0.0,0.0,5.5,8.3,19.2,Chicago,IL,Midwest,41.8781,-87.6298
2026-01-03,3,21.5,24.8,16.5,13.7,17.8,7.9,63,100,0.0,0.0,0.0,4.1,6.0,12.3,Chicago,IL,Midwest,41.8781,-87.6298
2026-01-04,3,26.5,30.9,21.8,18.7,23.3,14.3,67,95,0.0,0.0,0.0,5.3,10.4,21.7,Chicago,IL,Midwest,41.8781,-87.6298
2026-01-05,3,35.9,42.4,31.5,28.8,38.2,22.3,78,66,0.0,0.0,0.0,6.9,11.5,23.7,Chicago,IL,Midwest,41.8781,-87.6298
2026-01-06,53,39.6,44.2,36.2,33.9,39.0,30.3,89,89,0.051,0.051,0.0,6.3,8.6,19.7,Chicago,IL,Midwest,41.8781,-87.6298
2026-01-07,3,38.0,41.1,35.0,31.7,35.8,29.0,89,59,0.0,0.0,0.0,7.1,10.5,20.6,Chicago,IL,Midwest,41.8781,-87.6298
2026-01-08,65,47.7,59.8,39.7,40.7,52.6,31.8,83,79,0.669,0.669,0.0,12.8,27.1,55.5,Chicago,IL,Midwest,41.8781,-87.6298
2026-01-09,51,46.5,60.0,38.8,39.7,53.2,31.5,81,70,0.004,0.004,0.0,11.2,20.3,44.7,Chicago,IL,Midwest,41.8781,-87.6298
2026-01-10,73,35.0,37.9,28.6,27.5,32.0,19.0,85,81,0.252,0.161,0.634,8.3,12.0,29.5,Chicago,IL,Midwest,41.8781,-87.6298
2026-01-11,71,28.0,33.7,22.9,17.6,24.7,11.0,68,86,0.008,0.0,0.055,11.8,15.5,35.3,Chicago,IL,Midwest,41.8781,-87.6298
2026-01-12,3,32.0,39.1,26.1,23.1,31.3,15.8,76,48,0.0,0.0,0.0,9.8,12.2,26.2,Chicago,IL,Midwest,41.8781,-87.6298
2026-01-13,53,41.0,49.2,34.1,32.5,41.5,26.0,74,69,0.031,0.031,0.0,11.6,14.7,32.7,Chicago,IL,Midwest,41.8781,-87.6298
2026-01-14,75,28.2,41.0,18.9,17.1,34.1,6.5,72,91,0.173,0.012,1.13,14.2,21.9,53.0,Chicago,IL,Midwest,41.8781,-87.6298
2026-01-15,73,18.2,22.0,13.7,8.0,12.5,3.7,67,36,0.016,0.0,0.11,9.4,14.2,34.9,Chicago,IL,Midwest,41.8781,-87.6298
2026-01-16,73,29.1,35.4,22.3,19.8,27.3,12.1,80,78,0.079,0.0,0.551,10.7,13.1,31.5,Chicago,IL,Midwest,41.8781,-87.6298
2026-01-17,71,15.6,24.3,12.1,4.0,13.1,0.2,67,94,0.004,0.0,0.028,12.4,15.0,32.9,Chicago,IL,Midwest,41.8781,-87.6298
2026-01-18,71,13.9,18.3,8.2,3.3,9.0,-2.9,73,96,0.039,0.0,0.276,9.9,11.8,25.5,Chicago,IL,Midwest,41.8781,-87.6298
2026-01-19,73,6.7,18.9,0.2,-5.5,8.6,-13.5,67,63,0.055,0.0,0.386,13.1,16.9,38.0,Chicago,IL,Midwest,41.8781,-87.6298
2026-01-20,3,10.7,20.4,1.9,1.1,10.8,-7.7,64,48,0.0,0.0,0.0,7.0,9.5,20.8,Chicago,IL,Midwest,41.8781,-87.6298
2026-01-21,73,26.3,29.9,20.9,17.0,19.7,11.3,73,83,0.079,0.0,0.551,9.0,15.6,31.1,Chicago,IL,Midwest,41.8781,-87.6298
2026-01-22,71,18.7,28.2,12.9,7.0,16.9,1.5,63,34,0.004,0.0,0.028,13.0,16.7,41.4,Chicago,IL,Midwest,41.8781,-87.6298
2026-01-23,3,-4.1,8.9,-9.3,-16.0,-4.0,-21.6,49,52,0.0,0.0,0.0,11.2,14.3,33.6,Chicago,IL,Midwest,41.8781,-87.6298
2026-01-24,73,-0.5,10.4,-8.8,-9.6,2.4,-19.2,59,100,0.091,0.0,0.634,4.8,7.8,17.9,Chicago,IL,Midwest,41.8781,-87.6298
2026-01-25,73,14.2,19.2,5.7,3.5,7.6,-6.7,80,96,0.217,0.0,1.516,10.7,13.8,29.5,Chicago,IL,Midwest,41.8781,-87.6298
2026-01-26,3,3.2,6.7,-0.8,-8.5,-4.3,-12.6,66,41,0.0,0.0,0.0,11.3,15.4,30.6,Chicago,IL,Midwest,41.8781,-87.6298
2026-01-27,3,10.8,14.7,4.8,-0.8,3.2,-5.2,68,53,0.0,0.0,0.0,12.0,16.0,31.8,Chicago,IL,Midwest,41.8781,-87.6298
2026-01-28,1,7.0,14.5,0.8,-3.4,3.7,-9.8,68,3,0.0,0.0,0.0,8.5,10.3,26.4,Chicago,IL,Midwest,41.8781,-87.6298
2026-01-29,3,7.4,13.2,1.4,-2.0,4.6,-8.9,66,21,0.0,0.0,0.0,6.4,8.5,16.1,Chicago,IL,Midwest,41.8781,-87.6298
2026-01-30,73,13.0,20.4,6.2,3.3,12.0,-3.4,71,82,0.098,0.0,0.689,7.9,12.5,25.1,Chicago,IL,Midwest,41.8781,-87.6298
2026-01-31,73,18.9,25.4,10.7,8.5,15.5,-0.2,82,100,0.118,0.016,0.717,11.0,14.7,28.2,Chicago,IL,Midwest,41.8781,-87.6298
2026-02-01,3,18.7,25.0,11.2,9.7,16.3,2.5,77,66,0.0,0.0,0.0,7.4,10.1,19.9,Chicago,IL,Midwest,41.8781,-87.6298
2026-02-02,71,24.3,27.5,21.5,16.3,19.7,11.8,83,99,0.012,0.0,0.083,6.4,9.5,19.7,Chicago,IL,Midwest,41.8781,-87.6298
2026-02-03,3,22.5,27.8,17.1,14.5,19.4,9.1,81,82,0.0,0.0,0.0,5.8,9.5,19.7,Chicago,IL,Midwest,41.8781,-87.6298
2026-02-04,3,22.7,26.1,16.2,14.8,18.8,8.9,85,94,0.0,0.0,0.0,5.9,10.1,25.1,Chicago,IL,Midwest,41.8781,-87.6298
2026-02-05,71,21.4,28.1,12.1,12.6,19.0,4.3,82,86,0.024,0.0,0.165,7.6,10.4,21.7,Chicago,IL,Midwest,41.8781,-87.6298
2026-02-06,75,30.2,35.7,24.0,21.0,27.6,12.1,83,74,0.134,0.008,0.882,10.6,15.1,30.9,Chicago,IL,Midwest,41.8781,-87.6298
2026-02-07,71,19.0,22.7,12.4,10.1,15.5,2.8,65,51,0.004,0.0,0.055,6.4,13.3,28.0,Chicago,IL,Midwest,41.8781,-87.6298
2026-02-08,73,24.3,26.8,22.4,15.7,17.7,13.6,79,33,0.031,0.0,0.22,7.5,9.4,20.8,Chicago,IL,Midwest,41.8781,-87.6298
2026-02-09,3,27.1,35.6,19.2,19.1,27.5,11.6,75,81,0.0,0.0,0.0,6.6,12.0,22.8,Chicago,IL,Midwest,41.8781,-87.6298
2026-02-10,3,38.8,46.0,33.7,31.1,39.6,25.6,72,52,0.0,0.0,0.0,8.6,13.6,27.1,Chicago,IL,Midwest,41.8781,-87.6298
2026-02-11,3,33.1,40.5,27.0,25.2,32.7,18.3,67,8,0.0,0.0,0.0,6.9,8.5,19.2,Chicago,IL,Midwest,41.8781,-87.6298
2026-02-12,3,31.4,35.9,27.0,25.2,30.6,20.6,75,84,0.0,0.0,0.0,3.3,4.8,10.5,Chicago,IL,Midwest,41.8781,-87.6298
2026-02-13,1,37.8,51.4,27.0,31.0,44.2,19.8,70,1,0.0,0.0,0.0,5.9,9.4,21.5,Chicago,IL,Midwest,41.8781,-87.6298
2026-02-14,3,39.1,48.4,30.5,33.8,45.5,24.8,78,77,0.0,0.0,0.0,3.8,8.0,16.3,Chicago,IL,Midwest,41.8781,-87.6298
2026-02-15,3,42.9,56.0,33.2,38.0,52.9,26.7,74,18,0.0,0.0,0.0,3.9,6.9,14.3,Chicago,IL,Midwest,41.8781,-87.6298
2026-02-16,3,46.9,61.8,36.0,40.8,56.2,28.9,74,48,0.0,0.0,0.0,8.5,12.0,26.4,Chicago,IL,Midwest,41.8781,-87.6298
2026-02-17,61,46.3,51.6,40.9,41.2,48.1,35.3,83,92,0.165,0.165,0.0,7.2,13.1,24.6,Chicago,IL,Midwest,41.8781,-87.6298
2026-02-18,53,53.1,60.4,46.7,46.2,53.0,39.8,67,43,0.075,0.075,0.0,11.7,13.8,30.2,Chicago,IL,Midwest,41.8781,-87.6298
2026-02-19,51,45.6,56.8,37.1,40.9,54.6,31.4,74,89,0.008,0.008,0.0,5.0,9.2,18.3,Chicago,IL,Midwest,41.8781,-87.6298
2026-02-20,71,34.6,45.0,27.4,24.4,38.9,17.8,79,84,0.154,0.142,0.083,14.3,20.7,47.6,Chicago,IL,Midwest,41.8781,-87.6298
2026-02-21,71,28.1,30.3,26.1,19.7,22.1,17.6,69,93,0.02,0.0,0.165,7.0,9.0,23.0,Chicago,IL,Midwest,41.8781,-87.6298
2026-02-22,71,24.7,27.4,20.9,14.0,17.9,9.9,60,100,0.024,0.0,0.165,11.3,12.7,30.4,Chicago,IL,Midwest,41.8781,-87.6298
2026-02-23,3,22.7,27.5,20.0,13.0,19.1,9.4,61,79,0.0,0.0,0.0,8.6,13.6,32.0,Chicago,IL,Midwest,41.8781,-87.6298
2026-02-24,71,28.5,37.0,18.6,18.7,27.3,9.9,61,87,0.004,0.0,0.028,9.8,14.3,32.2,Chicago,IL,Midwest,41.8781,-87.6298
2026-02-25,3,31.5,36.0,28.5,22.8,26.8,18.9,60,23,0.0,0.0,0.0,7.8,10.7,26.2,Chicago,IL,Midwest,41.8781,-87.6298
2026-02-26,3,31.8,40.3,23.3,25.0,33.2,16.8,68,44,0.0,0.0,0.0,4.1,7.4,15.0,Chicago,IL,Midwest,41.8781,-87.6298
2026-02-27,3,43.6,59.6,30.2,37.0,53.2,23.1,67,16,0.0,0.0,0.0,7.1,10.4,23.3,Chicago,IL,Midwest,41.8781,-87.6298
2026-02-28,3,34.4,45.2,28.0,25.2,36.4,17.2,67,79,0.0,0.0,0.0,10.4,14.4,34.4,Chicago,IL,Midwest,41.8781,-87.6298
2025-12-01,3,37.7,42.9,31.4,29.8,34.6,24.9,57,53,0.0,0.0,0.0,6.8,11.1,24.4,New York City,NY,Northeast,40.7128,-74.006
2025-12-02,71,33.5,37.3,29.1,26.7,30.3,23.2,87,100,0.677,0.669,0.055,6.5,10.7,22.1,New York City,NY,Northeast,40.7128,-74.006
2025-12-03,3,34.1,39.7,29.7,26.9,33.3,22.2,70,28,0.0,0.0,0.0,5.6,11.0,24.8,New York City,NY,Northeast,40.7128,-74.006
2025-12-04,71,33.1,41.8,25.9,24.9,32.0,15.2,66,31,0.004,0.0,0.028,7.7,12.6,32.2,New York City,NY,Northeast,40.7128,-74.006
2025-12-05,3,25.7,30.6,19.9,18.0,24.2,11.5,56,62,0.0,0.0,0.0,4.0,9.0,24.4,New York City,NY,Northeast,40.7128,-74.006
2025-12-06,71,32.9,39.8,28.8,26.7,33.8,21.8,75,75,0.016,0.0,0.11,3.6,6.1,12.8,New York City,NY,Northeast,40.7128,-74.006
2025-12-07,3,34.7,41.1,28.9,28.2,35.0,22.9,69,50,0.0,0.0,0.0,4.0,7.3,17.9,New York City,NY,Northeast,40.7128,-74.006
2025-12-08,3,28.7,35.2,24.0,19.6,27.7,15.5,48,81,0.0,0.0,0.0,7.4,11.5,28.2,New York City,NY,Northeast,40.7128,-74.006
2025-12-09,3,25.0,31.4,18.6,16.5,22.3,10.8,42,55,0.0,0.0,0.0,5.0,9.8,21.7,New York City,NY,Northeast,40.7128,-74.006
2025-12-10,55,36.6,43.6,30.8,29.2,37.5,22.6,77,99,0.122,0.122,0.0,7.8,11.4,25.1,New York City,NY,Northeast,40.7128,-74.006
2025-12-11,3,33.5,39.1,28.0,23.7,31.9,18.6,58,47,0.0,0.0,0.0,11.0,15.0,36.5,New York City,NY,Northeast,40.7128,-74.006
2025-12-12,0,28.6,34.8,23.3,19.2,24.9,13.1,48,1,0.0,0.0,0.0,8.0,10.0,25.1,New York City,NY,Northeast,40.7128,-74.006
2025-12-13,73,30.7,38.8,24.0,24.2,32.0,17.4,67,88,0.031,0.0,0.22,3.1,5.0,13.6,New York City,NY,Northeast,40.7128,-74.006
2025-12-14,75,27.3,32.9,17.9,19.4,27.4,6.8,83,72,0.461,0.0,3.224,6.9,11.8,24.6,New York City,NY,Northeast,40.7128,-74.006
2025-12-15,3,20.8,26.8,16.6,11.4,18.8,5.9,70,46,0.0,0.0,0.0,8.2,11.2,23.7,New York City,NY,Northeast,40.7128,-74.006
2025-12-16,3,22.0,27.8,15.3,14.3,20.8,7.6,75,55,0.0,0.0,0.0,4.6,7.3,14.3,New York City,NY,Northeast,40.7128,-74.006
2025-12-17,3,30.9,39.7,20.4,23.1,33.0,11.8,71,60,0.0,0.0,0.0,6.7,9.0,19.2,New York City,NY,Northeast,40.7128,-74.006
2025-12-18,3,34.9,42.6,23.7,29.5,38.5,17.1,86,49,0.0,0.0,0.0,3.9,7.6,16.3,New York City,NY,Northeast,40.7128,-74.006
2025-12-19,63,48.1,58.1,31.3,40.9,53.8,20.5,80,83,1.031,1.031,0.0,13.6,19.0,43.8,New York City,NY,Northeast,40.7128,-74.006
2025-12-20,3,31.9,36.4,28.2,23.5,29.0,17.9,60,49,0.0,0.0,0.0,7.0,11.8,28.9,New York City,NY,Northeast,40.7128,-74.006
2025-12-21,3,36.3,46.2,28.8,27.6,37.5,19.3,58,42,0.0,0.0,0.0,8.9,14.2,32.9,New York City,NY,Northeast,40.7128,-74.006
2025-12-22,3,31.0,37.6,26.6,22.8,29.7,17.8,56,36,0.0,0.0,0.0,6.1,8.8,19.2,New York City,NY,Northeast,40.7128,-74.006
2025-12-23,73,34.5,37.6,32.4,28.7,33.3,24.4,84,99,0.114,0.031,0.579,4.1,6.7,15.0,New York City,NY,Northeast,40.7128,-74.006
2025-12-24,3,38.2,45.3,30.3,30.3,34.7,24.9,71,39,0.0,0.0,0.0,8.7,15.3,39.1,New York City,NY,Northeast,40.7128,-74.006
2025-12-25,3,35.7,47.0,29.0,27.9,39.9,20.0,64,81,0.0,0.0,0.0,6.9,13.2,30.0,New York City,NY,Northeast,40.7128,-74.006
2025-12-26,75,24.6,27.2,21.6,16.4,20.3,12.5,56,83,0.291,0.0,2.039,5.1,7.4,17.7,New York City,NY,Northeast,40.7128,-74.006
2025-12-27,75,25.5,30.2,18.9,17.7,22.4,11.3,90,92,0.209,0.016,1.35,6.7,10.1,22.1,New York City,NY,Northeast,40.7128,-74.006
2025-12-28,51,21.5,33.9,11.2,14.8,28.1,4.2,90,84,0.035,0.035,0.0,3.2,5.8,11.9,New York City,NY,Northeast,40.7128,-74.006
2025-12-29,55,38.3,45.2,29.5,31.0,38.3,18.5,84,85,0.154,0.154,0.0,9.0,14.8,32.9,New York City,NY,Northeast,40.7128,-74.006
2025-12-30,3,29.6,31.5,26.6,18.7,20.5,16.7,47,82,0.0,0.0,0.0,11.7,15.8,38.3,New York City,NY,Northeast,40.7128,-74.006
2025-12-31,3,28.0,31.5,25.4,18.7,21.4,15.9,50,76,0.0,0.0,0.0,7.7,10.3,25.7,New York City,NY,Northeast,40.7128,-74.006
2026-01-01,73,25.8,33.2,19.2,15.8,24.2,10.5,55,46,0.043,0.0,0.303,9.7,15.6,36.7,New York City,NY,Northeast,40.7128,-74.006
2026-01-02,71,24.1,29.8,18.9,15.9,20.1,11.4,61,82,0.012,0.0,0.083,5.1,8.9,21.7,New York City,NY,Northeast,40.7128,-74.006
2026-01-03,3,25.7,30.8,19.9,17.8,23.1,11.3,49,72,0.0,0.0,0.0,4.2,6.4,15.9,New York City,NY,Northeast,40.7128,-74.006
2026-01-04,71,28.0,33.8,24.0,20.7,25.1,17.8,63,57,0.012,0.0,0.083,4.1,7.5,19.5,New York City,NY,Northeast,40.7128,-74.006
2026-01-05,73,28.8,33.6,22.3,21.7,26.8,15.7,72,74,0.031,0.0,0.22,4.5,7.8,16.3,New York City,NY,Northeast,40.7128,-74.006
2026-01-06,71,33.7,39.1,28.0,28.3,33.6,22.8,84,98,0.024,0.016,0.055,2.9,4.6,10.7,New York City,NY,Northeast,40.7128,-74.006
2026-01-07,51,40.7,48.8,33.4,34.8,41.6,28.6,83,74,0.012,0.012,0.0,6.1,11.2,26.4,New York City,NY,Northeast,40.7128,-74.006
2026-01-08,1,41.2,50.2,34.7,36.3,45.3,29.2,77,8,0.0,0.0,0.0,3.4,6.5,15.7,New York City,NY,Northeast,40.7128,-74.006
2026-01-09,61,41.7,51.7,32.5,36.5,47.4,27.3,85,70,0.142,0.142,0.0,5.8,10.5,24.6,New York City,NY,Northeast,40.7128,-74.006
2026-01-10,61,42.8,48.6,39.7,38.0,45.5,33.7,87,100,0.531,0.531,0.0,5.5,9.1,17.4,New York City,NY,Northeast,40.7128,-74.006
2026-01-11,51,41.4,46.9,34.2,34.3,40.3,24.0,71,70,0.012,0.012,0.0,8.2,12.0,29.5,New York City,NY,Northeast,40.7128,-74.006
2026-01-12,3,34.4,40.6,29.9,25.3,31.6,19.6,57,27,0.0,0.0,0.0,9.1,14.1,31.1,New York City,NY,Northeast,40.7128,-74.006
2026-01-13,3,36.8,45.4,30.7,29.5,38.2,23.0,64,54,0.0,0.0,0.0,6.2,9.7,20.6,New York City,NY,Northeast,40.7128,-74.006
2026-01-14,51,43.6,49.7,39.5,38.1,45.3,33.0,66,100,0.004,0.004,0.0,4.3,6.2,14.3,New York City,NY,Northeast,40.7128,-74.006
2026-01-15,51,36.3,43.9,24.1,28.0,39.8,13.9,62,46,0.004,0.004,0.0,8.7,12.3,29.1,New York City,NY,Northeast,40.7128,-74.006
2026-01-16,3,26.9,32.2,21.3,16.7,22.9,9.4,43,28,0.0,0.0,0.0,9.1,12.8,30.9,New York City,NY,Northeast,40.7128,-74.006
2026-01-17,75,31.5,35.6,24.5,24.9,29.2,18.6,76,72,0.185,0.0,1.295,4.1,6.5,15.0,New York City,NY,Northeast,40.7128,-74.006
2026-01-18,75,29.4,32.9,23.7,23.4,26.4,18.3,97,100,0.362,0.0,2.535,3.9,8.3,16.8,New York City,NY,Northeast,40.7128,-74.006
2026-01-19,3,25.4,29.8,19.3,17.4,23.1,10.7,78,48,0.0,0.0,0.0,6.4,10.5,22.4,New York City,NY,Northeast,40.7128,-74.006
2026-01-20,0,16.1,23.7,11.4,6.3,12.8,2.7,60,0,0.0,0.0,0.0,7.8,11.6,24.2,New York City,NY,Northeast,40.7128,-74.006
2026-01-21,3,18.3,34.2,4.3,10.0,26.1,-3.9,63,46,0.0,0.0,0.0,5.2,9.8,22.4,New York City,NY,Northeast,40.7128,-74.006
2026-01-22,71,37.5,44.3,33.5,29.3,36.2,24.9,60,71,0.008,0.0,0.055,8.0,11.9,25.9,New York City,NY,Northeast,40.7128,-74.006
2026-01-23,3,30.2,36.0,18.6,20.2,25.2,6.5,41,69,0.0,0.0,0.0,9.2,13.7,33.1,New York City,NY,Northeast,40.7128,-74.006
2026-01-24,3,13.7,18.7,8.4,3.2,8.4,-2.8,36,76,0.0,0.0,0.0,8.4,13.4,30.2,New York City,NY,Northeast,40.7128,-74.006
2026-01-25,75,14.5,23.5,10.0,4.4,13.9,-0.4,69,100,1.303,0.24,7.441,8.8,18.5,40.7,New York City,NY,Northeast,40.7128,-74.006
2026-01-26,71,21.0,26.3,16.7,11.9,18.2,5.1,78,86,0.016,0.004,0.083,8.0,12.4,25.3,New York City,NY,Northeast,40.7128,-74.006
2026-01-27,71,13.6,18.8,8.0,3.6,9.1,-1.2,67,32,0.004,0.0,0.028,8.5,12.9,26.4,New York City,NY,Northeast,40.7128,-74.006
2026-01-28,3,13.3,19.9,8.0,4.0,11.8,-1.3,68,34,0.0,0.0,0.0,6.6,9.6,20.6,New York City,NY,Northeast,40.7128,-74.006
2026-01-29,1,10.8,17.5,4.7,1.5,8.9,-4.9,69,6,0.0,0.0,0.0,6.5,8.6,17.9,New York City,NY,Northeast,40.7128,-74.006
2026-01-30,0,9.4,15.3,4.3,-0.4,6.3,-5.7,63,0,0.0,0.0,0.0,7.3,9.1,19.2,New York City,NY,Northeast,40.7128,-74.006
2026-01-31,3,8.0,19.0,-0.9,-0.2,11.9,-9.4,73,50,0.0,0.0,0.0,4.0,11.6,23.3,New York City,NY,Northeast,40.7128,-74.006
2026-02-01,3,12.8,20.1,6.6,1.6,10.2,-6.1,68,98,0.0,0.0,0.0,11.4,15.0,30.6,New York City,NY,Northeast,40.7128,-74.006
2026-02-02,3,19.9,30.5,12.2,10.0,21.8,1.6,63,5,0.0,0.0,0.0,8.9,11.1,22.4,New York City,NY,Northeast,40.7128,-74.006
2026-02-03,3,19.1,30.4,7.6,11.4,24.4,-0.7,73,33,0.0,0.0,0.0,3.9,6.2,11.6,New York City,NY,Northeast,40.7128,-74.006
2026-02-04,3,23.1,30.0,14.0,15.5,23.6,6.9,70,52,0.0,0.0,0.0,4.5,9.0,18.6,New York City,NY,Northeast,40.7128,-74.006
2026-02-05,3,17.3,27.4,8.5,9.8,21.2,-0.1,74,7,0.0,0.0,0.0,3.5,7.7,14.5,New York City,NY,Northeast,40.7128,-74.006
2026-02-06,71,18.5,27.7,9.6,11.0,21.4,1.4,77,83,0.008,0.0,0.055,3.8,5.9,11.4,New York City,NY,Northeast,40.7128,-74.006
2026-02-07,73,13.6,25.3,2.3,2.0,17.6,-10.1,69,90,0.035,0.0,0.248,12.6,17.9,37.8,New York City,NY,Northeast,40.7128,-74.006
2026-02-08,1,6.3,13.7,0.0,-5.5,2.7,-12.3,61,2,0.0,0.0,0.0,11.8,13.8,28.2,New York City,NY,Northeast,40.7128,-74.006
2026-02-09,3,14.3,24.8,5.6,5.5,17.3,-4.3,67,29,0.0,0.0,0.0,6.0,9.8,19.5,New York City,NY,Northeast,40.7128,-74.006
2026-02-10,3,22.7,31.5,14.3,15.7,23.6,6.9,73,98,0.0,0.0,0.0,3.3,9.5,18.6,New York City,NY,Northeast,40.7128,-74.006
2026-02-11,51,33.4,38.1,28.4,25.6,30.9,21.5,74,72,0.012,0.012,0.0,7.5,10.9,22.8,New York City,NY,Northeast,40.7128,-74.006
2026-02-12,3,29.4,33.5,24.4,20.4,24.6,15.8,71,91,0.0,0.0,0.0,9.1,10.5,26.2,New York City,NY,Northeast,40.7128,-74.006
2026-02-13,3,24.8,34.0,16.7,16.9,27.5,8.1,72,39,0.0,0.0,0.0,5.7,8.0,15.7,New York City,NY,Northeast,40.7128,-74.006
2026-02-14,3,29.6,38.8,18.0,22.8,32.5,10.4,76,32,0.0,0.0,0.0,4.5,6.7,13.2,New York City,NY,Northeast,40.7128,-74.006
2026-02-15,73,29.4,36.5,20.8,23.4,31.0,14.3,84,86,0.024,0.0,0.165,3.0,5.6,11.4,New York City,NY,Northeast,40.7128,-74.006
2026-02-16,73,31.9,35.8,28.3,25.2,31.1,20.6,81,68,0.071,0.0,0.496,5.0,8.1,17.0,New York City,NY,Northeast,40.7128,-74.006
2026-02-17,3,36.3,42.4,32.5,30.5,37.9,25.7,87,64,0.0,0.0,0.0,4.9,7.1,17.9,New York City,NY,Northeast,40.7128,-74.006
2026-02-18,53,35.0,38.8,31.2,30.3,34.8,25.7,95,98,0.102,0.102,0.0,2.9,5.3,10.1,New York City,NY,Northeast,40.7128,-74.006
2026-02-19,3,36.3,39.0,34.5,30.3,33.1,28.2,79,100,0.0,0.0,0.0,4.5,6.2,13.0,New York City,NY,Northeast,40.7128,-74.006
2026-02-20,61,35.9,39.9,34.3,29.7,34.0,27.5,91,100,0.378,0.378,0.0,6.2,8.2,27.5,New York City,NY,Northeast,40.7128,-74.006
2026-02-21,3,39.1,46.4,30.5,33.6,40.3,25.1,78,78,0.0,0.0,0.0,4.1,7.3,18.1,New York City,NY,Northeast,40.7128,-74.006
2026-02-22,75,34.2,37.7,31.0,27.0,33.0,20.8,90,100,0.551,0.079,3.307,7.9,14.1,29.8,New York City,NY,Northeast,40.7128,-74.006
2026-02-23,75,31.5,34.6,29.0,20.0,25.5,16.1,79,100,0.831,0.0,5.815,16.2,20.5,43.8,New York City,NY,Northeast,40.7128,-74.006
2026-02-24,3,24.0,29.1,12.4,15.3,21.5,5.6,70,34,0.0,0.0,0.0,7.4,12.6,28.0,New York City,NY,Northeast,40.7128,-74.006
2026-02-25,73,30.5,36.6,12.3,23.3,30.0,5.2,79,65,0.071,0.012,0.413,6.3,9.2,18.1,New York City,NY,Northeast,40.7128,-74.006
2026-02-26,51,34.2,38.7,24.9,27.7,34.1,18.2,72,68,0.012,0.012,0.0,4.7,8.5,15.7,New York City,NY,Northeast,40.7128,-74.006
2026-02-27,3,26.1,33.9,15.5,19.8,29.6,8.3,84,4,0.0,0.0,0.0,3.5,8.7,16.8,New York City,NY,Northeast,40.7128,-74.006
2026-02-28,3,28.7,37.0,20.3,24.0,33.2,14.4,97,60,0.0,0.0,0.0,1.2,2.8,7.6,New York City,NY,Northeast,40.7128,-74.006
2025-12-01,3,56.3,66.9,47.8,55.5,65.6,46.1,79,36,0.0,0.0,0.0,1.8,3.9,11.0,Los Angeles,CA,West Coast,34.0522,-118.2437
2025-12-02,3,54.8,65.0,46.6,52.5,62.1,43.9,69,34,0.0,0.0,0.0,1.8,3.2,7.6,Los Angeles,CA,West Coast,34.0522,-118.2437
2025-12-03,3,56.6,65.4,51.8,55.0,64.2,48.0,76,57,0.0,0.0,0.0,3.0,6.4,14.3,Los Angeles,CA,West Coast,34.0522,-118.2437
2025-12-04,3,55.0,67.8,45.0,50.8,62.6,40.6,51,20,0.0,0.0,0.0,2.6,4.4,10.7,Los Angeles,CA,West Coast,34.0522,-118.2437
2025-12-05,0,54.0,67.8,41.8,50.6,63.7,37.9,58,0,0.0,0.0,0.0,1.6,3.0,9.2,Los Angeles,CA,West Coast,34.0522,-118.2437
2025-12-06,0,58.2,68.2,50.5,55.4,65.5,46.7,54,0,0.0,0.0,0.0,1.4,3.2,10.3,Los Angeles,CA,West Coast,34.0522,-118.2437
2025-12-07,0,59.3,72.8,48.2,57.7,72.2,45.1,62,1,0.0,0.0,0.0,1.3,2.5,7.4,Los Angeles,CA,West Coast,34.0522,-118.2437
2025-12-08,1,60.2,74.4,45.8,59.1,73.9,43.3,66,3,0.0,0.0,0.0,1.6,3.1,7.2,Los Angeles,CA,West Coast,34.0522,-118.2437
2025-12-09,0,59.6,76.6,46.3,57.3,74.4,42.5,59,0,0.0,0.0,0.0,2.0,3.5,7.4,Los Angeles,CA,West Coast,34.0522,-118.2437
2025-12-10,0,60.3,77.1,48.7,58.8,75.7,45.2,62,0,0.0,0.0,0.0,1.6,2.4,7.2,Los Angeles,CA,West Coast,34.0522,-118.2437
2025-12-11,0,60.9,75.8,47.8,60.3,75.8,45.2,67,0,0.0,0.0,0.0,1.3,2.3,6.3,Los Angeles,CA,West Coast,34.0522,-118.2437
2025-12-12,3,61.2,73.0,54.2,61.0,73.6,53.6,70,35,0.0,0.0,0.0,1.1,2.7,6.9,Los Angeles,CA,West Coast,34.0522,-118.2437
2025-12-13,3,56.5,67.8,49.7,57.3,70.0,49.1,92,86,0.0,0.0,0.0,1.3,3.6,8.9,Los Angeles,CA,West Coast,34.0522,-118.2437
2025-12-14,3,57.4,66.9,50.6,58.5,69.1,50.5,92,66,0.0,0.0,0.0,1.2,3.2,8.1,Los Angeles,CA,West Coast,34.0522,-118.2437
2025-12-15,3,55.5,64.8,46.7,55.5,64.8,45.1,86,22,0.0,0.0,0.0,1.0,2.3,6.7,Los Angeles,CA,West Coast,34.0522,-118.2437
2025-12-16,3,56.6,68.3,47.9,55.6,68.8,45.5,73,37,0.0,0.0,0.0,1.0,2.5,8.3,Los Angeles,CA,West Coast,34.0522,-118.2437
2025-12-17,3,57.0,68.4,49.7,56.0,67.0,49.1,82,58,0.0,0.0,0.0,3.1,11.4,23.7,Los Angeles,CA,West Coast,34.0522,-118.2437
2025-12-18,3,59.1,72.1,48.3,58.5,72.0,45.8,72,49,0.0,0.0,0.0,1.5,2.7,9.8,Los Angeles,CA,West Coast,34.0522,-118.2437
2025-12-19,3,60.2,69.2,54.8,60.3,69.8,53.8,75,33,0.0,0.0,0.0,1.3,4.1,7.8,Los Angeles,CA,West Coast,34.0522,-118.2437
2025-12-20,3,57.1,64.3,52.1,57.8,65.6,52.1,91,71,0.0,0.0,0.0,1.8,4.6,9.8,Los Angeles,CA,West Coast,34.0522,-118.2437
2025-12-21,3,57.5,68.0,51.9,58.4,69.5,51.9,90,86,0.0,0.0,0.0,1.3,4.6,10.3,Los Angeles,CA,West Coast,34.0522,-118.2437
2025-12-22,3,58.5,66.2,52.4,59.6,67.9,52.4,89,100,0.0,0.0,0.0,1.5,3.4,10.5,Los Angeles,CA,West Coast,34.0522,-118.2437
2025-12-23,55,59.1,62.5,56.6,58.2,61.0,56.4,89,100,0.106,0.106,0.0,6.3,9.8,21.7,Los Angeles,CA,West Coast,34.0522,-118.2437
2025-12-24,65,59.3,62.4,55.0,58.4,61.5,54.8,93,92,2.72,2.72,0.0,8.0,15.6,35.8,Los Angeles,CA,West Coast,34.0522,-118.2437
2025-12-25,61,58.2,64.0,53.8,56.3,62.5,50.9,85,83,0.449,0.449,0.0,7.3,9.4,22.6,Los Angeles,CA,West Coast,34.0522,-118.2437
2025-12-26,63,56.0,57.6,54.4,54.9,56.7,52.7,92,96,2.307,2.307,0.0,5.4,9.5,19.9,Los Angeles,CA,West Coast,34.0522,-118.2437
2025-12-27,1,51.5,60.1,41.0,49.7,58.6,38.0,85,5,0.0,0.0,0.0,2.4,4.4,10.7,Los Angeles,CA,West Coast,34.0522,-118.2437
2025-12-28,3,51.4,64.8,40.4,48.7,62.2,36.9,75,13,0.0,0.0,0.0,2.2,4.5,10.7,Los Angeles,CA,West Coast,34.0522,-118.2437
2025-12-29,3,54.6,69.4,43.6,51.9,68.5,40.3,63,17,0.0,0.0,0.0,2.0,4.2,10.3,Los Angeles,CA,West Coast,34.0522,-118.2437
2025-12-30,61,57.7,67.7,49.8,56.2,70.9,46.1,69,99,0.079,0.079,0.0,2.7,7.1,14.3,Los Angeles,CA,West Coast,34.0522,-118.2437
2025-12-31,63,60.6,64.9,58.2,60.4,64.8,58.1,78,100,0.85,0.85,0.0,3.2,6.0,14.3,Los Angeles,CA,West Coast,34.0522,-118.2437
2026-01-01,63,59.3,63.9,54.8,59.6,65.6,55.4,89,79,0.976,0.976,0.0,4.0,10.0,19.7,Los Angeles,CA,West Coast,34.0522,-118.2437
2026-01-02,61,58.4,63.0,52.2,59.0,64.8,51.7,91,94,0.236,0.236,0.0,2.8,6.9,14.5,Los Angeles,CA,West Coast,34.0522,-118.2437
2026-01-03,63,59.0,61.1,55.8,59.8,62.6,57.0,95,100,0.508,0.508,0.0,4.1,7.7,15.9,Los Angeles,CA,West Coast,34.0522,-118.2437
2026-01-04,61,56.6,59.6,54.4,57.1,59.4,54.6,95,99,0.319,0.319,0.0,2.8,5.9,19.2,Los Angeles,CA,West Coast,34.0522,-118.2437
2026-01-05,51,55.6,61.2,49.5,55.2,60.7,47.7,89,66,0.063,0.063,0.0,2.5,4.6,11.4,Los Angeles,CA,West Coast,34.0522,-118.2437
2026-01-06,61,55.7,64.2,49.9,54.5,63.9,47.7,80,78,0.138,0.138,0.0,2.6,4.7,10.3,Los Angeles,CA,West Coast,34.0522,-118.2437
2026-01-07,3,55.3,66.2,46.2,52.7,63.8,44.4,74,15,0.0,0.0,0.0,4.2,11.9,25.3,Los Angeles,CA,West Coast,34.0522,-118.2437
2026-01-08,2,52.2,59.4,43.6,46.4,52.3,40.9,63,11,0.0,0.0,0.0,7.8,14.8,33.3,Los Angeles,CA,West Coast,34.0522,-118.2437
2026-01-09,3,47.9,60.3,37.8,44.0,56.5,33.9,68,13,0.0,0.0,0.0,2.2,6.0,16.3,Los Angeles,CA,West Coast,34.0522,-118.2437
2026-01-10,1,50.4,64.3,39.7,47.1,63.4,35.3,64,5,0.0,0.0,0.0,1.8,4.3,10.5,Los Angeles,CA,West Coast,34.0522,-118.2437
2026-01-11,1,53.6,67.2,43.2,50.2,65.6,38.4,59,9,0.0,0.0,0.0,2.2,3.4,7.8,Los Angeles,CA,West Coast,34.0522,-118.2437
2026-01-12,3,53.6,68.2,41.6,50.9,66.2,37.2,66,15,0.0,0.0,0.0,2.0,3.5,9.2,Los Angeles,CA,West Coast,34.0522,-118.2437
2026-01-13,0,55.7,74.0,43.1,53.8,73.0,39.1,70,0,0.0,0.0,0.0,2.0,3.8,8.3,Los Angeles,CA,West Coast,34.0522,-118.2437
2026-01-14,0,58.7,75.7,47.0,57.4,75.7,43.8,69,2,0.0,0.0,0.0,1.9,3.2,8.1,Los Angeles,CA,West Coast,34.0522,-118.2437
2026-01-15,2,60.0,77.7,46.8,59.3,77.5,43.8,71,7,0.0,0.0,0.0,1.8,5.4,10.5,Los Angeles,CA,West Coast,34.0522,-118.2437
2026-01-16,3,58.6,74.6,45.8,57.4,74.4,42.7,68,25,0.0,0.0,0.0,1.7,3.4,9.2,Los Angeles,CA,West Coast,34.0522,-118.2437
2026-01-17,3,57.6,72.9,45.0,55.8,71.3,41.5,65,92,0.0,0.0,0.0,1.7,2.9,7.8,Los Angeles,CA,West Coast,34.0522,-118.2437
2026-01-18,3,58.2,73.9,44.1,56.4,72.2,41.0,67,49,0.0,0.0,0.0,1.9,3.3,7.2,Los Angeles,CA,West Coast,34.0522,-118.2437
2026-01-19,3,60.2,71.4,52.4,58.4,69.8,49.5,59,14,0.0,0.0,0.0,1.4,3.0,7.2,Los Angeles,CA,West Coast,34.0522,-118.2437
2026-01-20,3,57.8,72.8,45.7,56.2,71.6,42.0,67,50,0.0,0.0,0.0,1.6,2.9,6.9,Los Angeles,CA,West Coast,34.0522,-118.2437
2026-01-21,3,56.4,64.3,49.1,55.6,63.6,46.6,76,98,0.0,0.0,0.0,1.3,3.0,8.3,Los Angeles,CA,West Coast,34.0522,-118.2437
2026-01-22,63,56.6,62.2,52.1,56.6,62.8,51.4,89,83,0.268,0.268,0.0,2.1,6.3,13.0,Los Angeles,CA,West Coast,34.0522,-118.2437
2026-01-23,51,57.3,65.9,52.3,57.5,65.6,52.2,87,62,0.004,0.004,0.0,2.1,4.3,11.6,Los Angeles,CA,West Coast,34.0522,-118.2437
2026-01-24,53,56.7,62.8,50.4,56.5,62.0,49.0,87,51,0.051,0.051,0.0,2.4,4.1,10.7,Los Angeles,CA,West Coast,34.0522,-118.2437
2026-01-25,3,52.4,66.1,38.2,49.7,63.1,34.0,69,71,0.0,0.0,0.0,1.5,3.5,7.2,Los Angeles,CA,West Coast,34.0522,-118.2437
2026-01-26,3,55.3,70.0,43.4,51.6,65.2,39.5,59,57,0.0,0.0,0.0,2.7,4.4,12.3,Los Angeles,CA,West Coast,34.0522,-118.2437
2026-01-27,3,53.6,71.2,37.6,49.6,66.2,32.6,54,30,0.0,0.0,0.0,2.0,3.4,8.5,Los Angeles,CA,West Coast,34.0522,-118.2437
2026-01-28,3,56.9,68.3,49.7,53.1,63.0,45.5,48,99,0.0,0.0,0.0,1.5,3.2,11.2,Los Angeles,CA,West Coast,34.0522,-118.2437
2026-01-29,1,59.2,76.4,43.4,55.1,71.2,40.1,43,2,0.0,0.0,0.0,2.2,4.8,11.6,Los Angeles,CA,West Coast,34.0522,-118.2437
2026-01-30,3,63.8,82.8,47.8,59.2,76.6,43.2,34,31,0.0,0.0,0.0,2.1,6.3,12.8,Los Angeles,CA,West Coast,34.0522,-118.2437
2026-01-31,0,63.9,81.8,48.0,60.8,78.0,44.5,43,0,0.0,0.0,0.0,1.7,3.6,7.6,Los Angeles,CA,West Coast,34.0522,-118.2437
2026-02-01,3,62.8,81.6,47.5,60.0,78.6,43.7,50,15,0.0,0.0,0.0,2.1,5.9,13.6,Los Angeles,CA,West Coast,34.0522,-118.2437
2026-02-02,3,62.9,75.1,53.9,61.4,73.1,50.5,56,11,0.0,0.0,0.0,1.6,3.5,8.3,Los Angeles,CA,West Coast,34.0522,-118.2437
2026-02-03,0,60.5,78.9,45.0,59.1,76.1,42.3,64,0,0.0,0.0,0.0,1.6,5.6,11.6,Los Angeles,CA,West Coast,34.0522,-118.2437
2026-02-04,0,65.7,84.6,48.7,62.2,81.3,44.4,39,0,0.0,0.0,0.0,2.7,6.9,15.0,Los Angeles,CA,West Coast,34.0522,-118.2437
2026-02-05,3,64.0,80.7,47.2,60.8,75.7,43.4,45,58,0.0,0.0,0.0,2.4,5.8,11.4,Los Angeles,CA,West Coast,34.0522,-118.2437
2026-02-06,3,61.9,70.1,56.8,62.1,70.5,56.2,76,74,0.0,0.0,0.0,2.6,4.5,12.8,Los Angeles,CA,West Coast,34.0522,-118.2437
2026-02-07,3,59.7,74.3,48.4,59.2,73.4,47.5,75,18,0.0,0.0,0.0,2.2,6.2,15.2,Los Angeles,CA,West Coast,34.0522,-118.2437
2026-02-08,1,63.5,81.6,48.8,61.6,79.1,45.7,54,3,0.0,0.0,0.0,1.7,4.5,10.3,Los Angeles,CA,West Coast,34.0522,-118.2437
2026-02-09,3,62.1,76.3,50.9,60.7,74.9,48.3,60,85,0.0,0.0,0.0,1.9,4.0,8.9,Los Angeles,CA,West Coast,34.0522,-118.2437
2026-02-10,55,60.1,65.3,57.1,58.9,63.2,54.9,84,100,0.083,0.083,0.0,6.7,11.7,25.7,Los Angeles,CA,West Coast,34.0522,-118.2437
2026-02-11,63,58.6,63.7,53.2,57.7,62.7,51.4,83,78,0.539,0.539,0.0,4.4,9.9,23.7,Los Angeles,CA,West Coast,34.0522,-118.2437
2026-02-12,3,55.6,65.8,47.8,54.6,65.9,45.5,78,82,0.0,0.0,0.0,1.9,5.0,13.4,Los Angeles,CA,West Coast,34.0522,-118.2437
2026-02-13,3,56.0,68.7,43.2,55.0,68.1,40.2,76,14,0.0,0.0,0.0,1.6,4.5,9.8,Los Angeles,CA,West Coast,34.0522,-118.2437
2026-02-14,3,57.1,66.1,49.7,55.7,66.0,45.9,76,59,0.0,0.0,0.0,3.4,5.2,13.9,Los Angeles,CA,West Coast,34.0522,-118.2437
2026-02-15,51,56.5,63.5,51.1,55.5,60.1,50.2,78,92,0.016,0.016,0.0,2.1,5.4,13.4,Los Angeles,CA,West Coast,34.0522,-118.2437
2026-02-16,65,53.2,55.0,48.2,50.8,54.6,46.1,87,91,1.362,1.362,0.0,5.3,9.5,21.3,Los Angeles,CA,West Coast,34.0522,-118.2437
2026-02-17,63,52.4,59.0,47.1,49.5,54.3,45.1,82,69,0.433,0.433,0.0,4.9,9.6,23.7,Los Angeles,CA,West Coast,34.0522,-118.2437
2026-02-18,55,52.7,58.5,48.0,47.7,52.6,42.9,65,42,0.134,0.134,0.0,6.8,15.7,34.0,Los Angeles,CA,West Coast,34.0522,-118.2437
2026-02-19,63,48.4,55.8,43.7,44.8,54.0,40.3,81,60,0.504,0.504,0.0,4.5,10.6,26.8,Los Angeles,CA,West Coast,34.0522,-118.2437
2026-02-20,3,46.6,58.2,36.1,43.2,54.5,32.1,75,43,0.0,0.0,0.0,2.1,4.2,13.0,Los Angeles,CA,West Coast,34.0522,-118.2437
2026-02-21,3,50.8,65.9,38.6,47.7,63.0,34.6,68,11,0.0,0.0,0.0,2.1,3.3,12.1,Los Angeles,CA,West Coast,34.0522,-118.2437
2026-02-22,3,55.4,71.3,42.2,53.7,71.0,38.4,71,23,0.0,0.0,0.0,2.1,5.6,11.9,Los Angeles,CA,West Coast,34.0522,-118.2437
2026-02-23,3,59.3,77.3,44.4,58.8,78.4,41.2,71,53,0.0,0.0,0.0,1.8,4.4,8.9,Los Angeles,CA,West Coast,34.0522,-118.2437
2026-02-24,3,63.9,75.8,55.4,63.4,77.3,54.3,60,72,0.0,0.0,0.0,1.5,3.3,8.9,Los Angeles,CA,West Coast,34.0522,-118.2437
2026-02-25,3,63.8,76.1,54.7,64.4,77.2,53.6,70,52,0.0,0.0,0.0,1.7,2.7,9.2,Los Angeles,CA,West Coast,34.0522,-118.2437
2026-02-26,3,64.8,82.1,53.9,66.2,84.8,53.4,77,55,0.0,0.0,0.0,2.6,4.9,12.5,Los Angeles,CA,West Coast,34.0522,-118.2437
2026-02-27,3,69.3,86.7,54.6,71.1,89.3,54.1,68,62,0.0,0.0,0.0,2.0,4.9,10.3,Los Angeles,CA,West Coast,34.0522,-118.2437
2026-02-28,3,70.5,86.0,60.8,71.6,88.3,61.0,61,47,0.0,0.0,0.0,2.0,4.1,9.2,Los Angeles,CA,West Coast,34.0522,-118.2437
2025-12-01,3,26.0,40.6,13.8,18.4,33.8,6.7,56,22,0.0,0.0,0.0,3.5,6.0,13.4,Denver,CO,Mountain West,39.7392,-104.9903
2025-12-02,71,34.5,49.1,26.1,27.4,41.7,18.0,51,86,0.016,0.0,0.11,3.9,8.7,17.9,Denver,CO,Mountain West,39.7392,-104.9903
2025-12-03,73,28.7,33.3,19.9,22.4,27.7,13.1,92,91,0.413,0.0,2.894,4.0,6.8,15.7,Denver,CO,Mountain West,39.7392,-104.9903
2025-12-04,3,18.3,29.6,6.6,10.9,22.9,-1.6,78,46,0.0,0.0,0.0,3.5,6.7,13.9,Denver,CO,Mountain West,39.7392,-104.9903
2025-12-05,3,22.2,31.8,14.2,15.6,25.8,6.7,77,65,0.0,0.0,0.0,2.4,3.8,9.2,Denver,CO,Mountain West,39.7392,-104.9903
2025-12-06,51,33.2,42.3,22.9,26.4,36.4,15.6,73,66,0.031,0.031,0.0,4.9,9.3,16.6,Denver,CO,Mountain West,39.7392,-104.9903
2025-12-07,3,27.6,38.8,17.9,21.0,33.7,10.8,72,52,0.0,0.0,0.0,3.0,5.5,10.3,Denver,CO,Mountain West,39.7392,-104.9903
2025-12-08,3,30.7,43.8,20.6,23.9,39.0,13.0,70,68,0.0,0.0,0.0,3.9,8.4,16.6,Denver,CO,Mountain West,39.7392,-104.9903
2025-12-09,3,36.6,49.5,26.1,31.0,44.6,19.6,70,96,0.0,0.0,0.0,2.9,5.8,10.5,Denver,CO,Mountain West,39.7392,-104.9903
2025-12-10,3,39.7,48.1,33.8,34.7,44.4,27.9,78,74,0.0,0.0,0.0,3.3,8.2,18.3,Denver,CO,Mountain West,39.7392,-104.9903
2025-12-11,3,47.2,64.2,35.6,40.7,59.0,28.5,50,92,0.0,0.0,0.0,5.0,8.8,18.3,Denver,CO,Mountain West,39.7392,-104.9903
2025-12-12,3,43.2,55.9,36.0,37.9,51.3,30.7,58,97,0.0,0.0,0.0,2.5,6.7,13.6,Denver,CO,Mountain West,39.7392,-104.9903
2025-12-13,3,42.7,63.1,34.1,36.1,56.1,27.9,48,47,0.0,0.0,0.0,3.7,11.1,28.0,Denver,CO,Mountain West,39.7392,-104.9903
2025-12-14,3,38.3,57.4,28.0,32.7,53.1,21.9,63,45,0.0,0.0,0.0,2.1,4.0,9.4,Denver,CO,Mountain West,39.7392,-104.9903
2025-12-15,3,41.7,60.2,32.0,35.2,54.4,24.8,45,22,0.0,0.0,0.0,3.1,4.9,9.6,Denver,CO,Mountain West,39.7392,-104.9903
2025-12-16,3,46.1,62.5,32.1,39.1,55.2,25.1,36,49,0.0,0.0,0.0,4.0,9.6,24.2,Denver,CO,Mountain West,39.7392,-104.9903
2025-12-17,53,46.8,66.1,33.8,40.0,59.2,26.5,43,60,0.043,0.043,0.0,4.2,10.0,22.8,Denver,CO,Mountain West,39.7392,-104.9903
2025-12-18,3,38.8,46.5,30.8,30.4,38.7,23.7,25,65,0.0,0.0,0.0,4.6,14.4,43.8,Denver,CO,Mountain West,39.7392,-104.9903
2025-12-19,3,48.3,67.6,34.2,40.6,59.2,26.9,29,91,0.0,0.0,0.0,4.4,11.6,22.1,Denver,CO,Mountain West,39.7392,-104.9903
2025-12-20,51,44.5,59.7,35.8,38.2,49.5,29.5,52,85,0.004,0.004,0.0,4.0,11.6,27.1,Denver,CO,Mountain West,39.7392,-104.9903
2025-12-21,3,41.3,58.0,28.1,35.8,52.2,21.3,59,46,0.0,0.0,0.0,2.0,4.9,11.4,Denver,CO,Mountain West,39.7392,-104.9903
2025-12-22,2,49.5,72.9,36.2,42.8,66.3,30.1,43,37,0.0,0.0,0.0,4.2,9.9,20.1,Denver,CO,Mountain West,39.7392,-104.9903
2025-12-23,3,44.7,63.9,32.4,38.0,56.7,25.8,36,86,0.0,0.0,0.0,2.7,4.4,10.3,Denver,CO,Mountain West,39.7392,-104.9903
2025-12-24,3,48.2,66.4,36.0,41.9,60.8,29.7,37,78,0.0,0.0,0.0,2.8,4.8,10.1,Denver,CO,Mountain West,39.7392,-104.9903
2025-12-25,3,50.5,68.6,37.6,44.7,63.7,32.2,45,40,0.0,0.0,0.0,3.2,6.0,16.1,Denver,CO,Mountain West,39.7392,-104.9903
2025-12-26,3,45.2,65.1,30.6,38.7,57.6,24.9,38,54,0.0,0.0,0.0,2.2,4.3,10.7,Denver,CO,Mountain West,39.7392,-104.9903
2025-12-27,3,41.8,58.1,32.0,35.4,53.1,25.7,43,76,0.0,0.0,0.0,2.4,5.5,15.7,Denver,CO,Mountain West,39.7392,-104.9903
2025-12-28,73,27.2,40.7,18.3,19.4,34.5,10.6,55,34,0.047,0.008,0.276,4.4,8.5,32.0,Denver,CO,Mountain West,39.7392,-104.9903
2025-12-29,0,23.7,34.0,14.5,16.6,27.5,7.0,49,2,0.0,0.0,0.0,1.7,3.1,11.9,Denver,CO,Mountain West,39.7392,-104.9903
2025-12-30,0,29.3,43.9,19.2,22.5,38.0,12.1,54,1,0.0,0.0,0.0,1.9,3.0,10.3,Denver,CO,Mountain West,39.7392,-104.9903
2025-12-31,3,39.0,58.2,27.6,32.3,51.5,21.2,48,33,0.0,0.0,0.0,3.1,6.2,12.8,Denver,CO,Mountain West,39.7392,-104.9903
2026-01-01,3,43.1,57.7,32.8,36.7,51.6,26.0,49,99,0.0,0.0,0.0,3.8,6.8,13.9,Denver,CO,Mountain West,39.7392,-104.9903
2026-01-02,3,45.4,58.0,34.3,39.3,51.0,29.0,55,75,0.0,0.0,0.0,4.4,10.9,26.2,Denver,CO,Mountain West,39.7392,-104.9903
2026-01-03,3,45.4,59.6,33.3,39.4,53.7,27.3,47,35,0.0,0.0,0.0,2.9,5.3,11.2,Denver,CO,Mountain West,39.7392,-104.9903
2026-01-04,3,48.7,67.2,35.2,41.2,60.3,27.7,34,51,0.0,0.0,0.0,5.0,12.4,24.2,Denver,CO,Mountain West,39.7392,-104.9903
2026-01-05,3,42.9,59.0,29.4,35.0,50.9,23.2,39,34,0.0,0.0,0.0,5.6,12.3,28.9,Denver,CO,Mountain West,39.7392,-104.9903
2026-01-06,3,46.2,56.9,37.0,37.8,48.3,30.0,27,12,0.0,0.0,0.0,5.7,13.3,32.0,Denver,CO,Mountain West,39.7392,-104.9903
2026-01-07,3,40.4,56.5,27.0,33.2,49.1,20.2,32,38,0.0,0.0,0.0,2.7,5.8,11.6,Denver,CO,Mountain West,39.7392,-104.9903
2026-01-08,73,34.9,41.5,29.9,28.9,34.9,24.0,66,98,0.102,0.0,0.717,2.6,7.5,19.0,Denver,CO,Mountain West,39.7392,-104.9903
2026-01-09,73,26.2,30.7,13.9,20.2,26.1,5.8,80,87,0.154,0.0,1.13,2.0,4.8,12.5,Denver,CO,Mountain West,39.7392,-104.9903
2026-01-10,2,21.0,34.3,9.9,13.7,27.4,2.2,54,19,0.0,0.0,0.0,2.5,4.9,9.6,Denver,CO,Mountain West,39.7392,-104.9903
2026-01-11,3,28.4,47.6,14.4,21.4,40.3,6.8,60,65,0.0,0.0,0.0,3.1,4.4,8.9,Denver,CO,Mountain West,39.7392,-104.9903
2026-01-12,3,38.5,56.0,27.5,31.7,50.0,20.5,47,28,0.0,0.0,0.0,3.2,5.7,11.2,Denver,CO,Mountain West,39.7392,-104.9903
2026-01-13,3,44.5,60.2,34.5,37.9,52.4,28.2,42,83,0.0,0.0,0.0,3.4,10.1,21.7,Denver,CO,Mountain West,39.7392,-104.9903
2026-01-14,51,43.7,54.1,36.6,38.4,49.3,31.2,61,55,0.012,0.012,0.0,2.9,5.7,12.3,Denver,CO,Mountain West,39.7392,-104.9903
2026-01-15,0,44.4,59.7,32.4,35.6,51.3,23.2,36,0,0.0,0.0,0.0,7.5,17.7,43.2,Denver,CO,Mountain West,39.7392,-104.9903
2026-01-16,3,31.9,39.9,25.5,23.9,32.6,16.8,38,83,0.0,0.0,0.0,4.3,8.4,21.7,Denver,CO,Mountain West,39.7392,-104.9903
2026-01-17,71,26.9,34.6,20.8,18.7,26.0,12.7,37,33,0.004,0.0,0.055,3.9,7.2,16.6,Denver,CO,Mountain West,39.7392,-104.9903
2026-01-18,3,38.2,50.6,28.1,30.3,42.5,19.2,35,27,0.0,0.0,0.0,4.4,9.9,21.7,Denver,CO,Mountain West,39.7392,-104.9903
2026-01-19,73,30.7,40.3,24.7,24.1,33.6,17.8,64,34,0.059,0.0,0.413,3.0,5.8,13.6,Denver,CO,Mountain West,39.7392,-104.9903
2026-01-20,3,34.7,52.9,23.5,26.1,43.4,14.7,35,57,0.0,0.0,0.0,5.3,10.2,27.7,Denver,CO,Mountain West,39.7392,-104.9903
2026-01-21,3,32.8,48.1,24.0,24.7,41.1,14.9,36,23,0.0,0.0,0.0,4.0,9.3,19.9,Denver,CO,Mountain West,39.7392,-104.9903
2026-01-22,3,26.9,39.2,16.6,19.2,30.9,9.8,47,34,0.0,0.0,0.0,3.4,5.3,15.0,Denver,CO,Mountain West,39.7392,-104.9903
2026-01-23,71,13.7,24.2,8.1,4.9,15.4,-0.9,61,76,0.02,0.0,0.138,5.4,8.9,19.2,Denver,CO,Mountain West,39.7392,-104.9903
2026-01-24,71,7.9,16.7,-2.7,0.1,8.8,-10.3,74,85,0.039,0.0,0.276,2.8,5.8,14.3,Denver,CO,Mountain West,39.7392,-104.9903
2026-01-25,73,10.4,24.2,1.5,2.5,16.8,-5.8,72,63,0.051,0.0,0.358,3.2,12.3,28.2,Denver,CO,Mountain West,39.7392,-104.9903
2026-01-26,1,20.6,44.2,1.6,12.1,36.0,-7.0,39,5,0.0,0.0,0.0,4.0,7.6,15.9,Denver,CO,Mountain West,39.7392,-104.9903
2026-01-27,3,30.4,48.3,18.9,22.7,41.2,11.2,45,49,0.0,0.0,0.0,3.8,7.5,14.8,Denver,CO,Mountain West,39.7392,-104.9903
2026-01-28,3,31.5,46.8,19.3,23.6,39.2,10.6,43,65,0.0,0.0,0.0,4.0,5.9,13.6,Denver,CO,Mountain West,39.7392,-104.9903
2026-01-29,3,36.9,43.5,30.4,29.2,35.5,23.1,39,48,0.0,0.0,0.0,4.3,7.8,21.0,Denver,CO,Mountain West,39.7392,-104.9903
2026-01-30,3,35.5,47.8,26.8,28.6,40.2,20.2,40,27,0.0,0.0,0.0,2.2,4.7,11.9,Denver,CO,Mountain West,39.7392,-104.9903
2026-01-31,3,39.2,56.4,24.8,32.2,49.9,18.3,49,47,0.0,0.0,0.0,3.9,7.5,15.7,Denver,CO,Mountain West,39.7392,-104.9903
2026-02-01,3,40.7,59.7,30.5,33.3,52.8,22.2,38,58,0.0,0.0,0.0,3.7,8.2,14.8,Denver,CO,Mountain West,39.7392,-104.9903
2026-02-02,3,39.7,53.6,29.9,32.6,46.7,23.1,37,73,0.0,0.0,0.0,3.1,8.8,20.6,Denver,CO,Mountain West,39.7392,-104.9903
2026-02-03,71,36.0,50.5,26.4,29.3,42.3,19.8,49,59,0.02,0.008,0.083,2.8,8.1,20.4,Denver,CO,Mountain West,39.7392,-104.9903
2026-02-04,71,37.8,51.9,26.2,31.3,44.0,20.0,54,50,0.004,0.0,0.028,2.7,4.8,14.5,Denver,CO,Mountain West,39.7392,-104.9903
2026-02-05,2,44.9,64.7,30.0,38.5,58.3,23.5,38,8,0.0,0.0,0.0,2.4,5.5,15.4,Denver,CO,Mountain West,39.7392,-104.9903
2026-02-06,3,44.2,65.4,28.1,37.9,57.5,21.9,46,30,0.0,0.0,0.0,2.8,7.8,17.2,Denver,CO,Mountain West,39.7392,-104.9903
2026-02-07,3,45.2,63.0,29.2,37.9,54.3,22.8,39,47,0.0,0.0,0.0,4.3,10.1,25.7,Denver,CO,Mountain West,39.7392,-104.9903
2026-02-08,3,48.5,65.4,35.2,40.8,56.4,28.1,33,33,0.0,0.0,0.0,5.1,8.2,20.6,Denver,CO,Mountain West,39.7392,-104.9903
2026-02-09,3,49.9,69.1,32.5,42.1,61.6,25.9,29,85,0.0,0.0,0.0,4.7,12.6,27.3,Denver,CO,Mountain West,39.7392,-104.9903
2026-02-10,3,41.9,49.2,33.5,34.9,42.9,27.5,45,66,0.0,0.0,0.0,4.3,7.4,17.2,Denver,CO,Mountain West,39.7392,-104.9903
2026-02-11,3,40.0,57.0,27.1,34.0,49.8,21.2,50,90,0.0,0.0,0.0,1.8,4.9,15.0,Denver,CO,Mountain West,39.7392,-104.9903
2026-02-12,51,44.4,60.0,31.3,38.4,54.4,26.0,49,60,0.008,0.008,0.0,2.8,7.0,17.9,Denver,CO,Mountain West,39.7392,-104.9903
2026-02-13,51,43.2,56.3,30.1,37.5,48.9,24.4,61,66,0.024,0.024,0.0,3.3,7.7,19.2,Denver,CO,Mountain West,39.7392,-104.9903
2026-02-14,51,46.4,57.9,34.9,40.6,51.4,30.2,51,34,0.004,0.004,0.0,3.0,5.0,13.6,Denver,CO,Mountain West,39.7392,-104.9903
2026-02-15,3,44.3,64.3,27.0,37.6,57.8,20.5,35,39,0.0,0.0,0.0,2.1,4.4,11.6,Denver,CO,Mountain West,39.7392,-104.9903
2026-02-16,3,47.4,65.1,33.9,40.3,56.5,28.0,29,78,0.0,0.0,0.0,3.4,8.1,20.8,Denver,CO,Mountain West,39.7392,-104.9903
2026-02-17,51,47.6,54.5,37.3,38.2,45.4,29.1,30,50,0.024,0.024,0.0,9.1,15.0,37.4,Denver,CO,Mountain West,39.7392,-104.9903
2026-02-18,3,41.1,53.2,29.9,33.2,45.3,22.3,41,74,0.0,0.0,0.0,5.5,8.6,22.1,Denver,CO,Mountain West,39.7392,-104.9903
2026-02-19,71,31.2,38.4,24.6,23.1,28.2,16.8,44,39,0.008,0.0,0.055,4.9,11.5,29.8,Denver,CO,Mountain West,39.7392,-104.9903
2026-02-20,73,23.4,28.9,17.6,15.7,20.2,10.6,61,79,0.035,0.0,0.248,4.0,7.7,18.8,Denver,CO,Mountain West,39.7392,-104.9903
2026-02-21,1,30.4,46.2,17.1,22.3,38.6,9.0,43,11,0.0,0.0,0.0,4.5,10.2,27.3,Denver,CO,Mountain West,39.7392,-104.9903
2026-02-22,3,31.6,46.8,18.9,24.6,39.8,11.7,44,57,0.0,0.0,0.0,2.5,5.3,15.4,Denver,CO,Mountain West,39.7392,-104.9903
2026-02-23,3,42.6,64.5,26.5,36.2,58.7,19.8,39,97,0.0,0.0,0.0,2.1,3.7,10.7,Denver,CO,Mountain West,39.7392,-104.9903
2026-02-24,3,49.8,68.6,32.7,43.6,61.8,25.9,40,92,0.0,0.0,0.0,3.2,6.9,18.6,Denver,CO,Mountain West,39.7392,-104.9903
2026-02-25,51,54.7,67.1,45.0,47.9,57.8,39.7,38,85,0.004,0.004,0.0,5.9,13.1,32.4,Denver,CO,Mountain West,39.7392,-104.9903
2026-02-26,3,52.8,60.8,42.5,45.0,51.7,36.2,30,30,0.0,0.0,0.0,6.4,15.7,37.1,Denver,CO,Mountain West,39.7392,-104.9903
2026-02-27,3,48.2,66.5,30.0,40.6,58.0,23.7,29,25,0.0,0.0,0.0,4.5,9.7,25.1,Denver,CO,Mountain West,39.7392,-104.9903
2026-02-28,3,51.5,69.6,31.9,44.6,62.9,25.9,26,44,0.0,0.0,0.0,2.7,7.0,14.5,Denver,CO,Mountain West,39.7392,-104.9903
2025-12-01,63,55.8,60.1,51.3,52.8,58.9,46.7,89,100,1.11,1.11,0.0,9.2,11.6,25.9,New Orleans,LA,Gulf South,29.9511,-90.0715
2025-12-02,51,49.6,58.1,42.9,43.5,57.0,35.8,80,77,0.004,0.004,0.0,11.2,14.3,32.2,New Orleans,LA,Gulf South,29.9511,-90.0715
2025-12-03,3,46.7,52.6,40.8,42.3,49.5,34.8,81,61,0.0,0.0,0.0,5.5,8.3,20.4,New Orleans,LA,Gulf South,29.9511,-90.0715
2025-12-04,65,56.1,62.2,52.4,53.0,63.0,44.0,94,100,2.256,2.256,0.0,10.9,20.4,39.8,New Orleans,LA,Gulf South,29.9511,-90.0715
2025-12-05,63,51.3,53.8,49.9,47.6,50.2,45.1,89,100,0.26,0.26,0.0,7.3,10.4,24.2,New Orleans,LA,Gulf South,29.9511,-90.0715
2025-12-06,61,53.0,56.2,51.0,51.4,55.2,48.4,92,100,0.201,0.201,0.0,4.5,6.5,15.2,New Orleans,LA,Gulf South,29.9511,-90.0715
2025-12-07,63,59.0,65.7,55.3,59.0,66.4,54.1,92,70,0.303,0.303,0.0,5.0,8.7,19.2,New Orleans,LA,Gulf South,29.9511,-90.0715
2025-12-08,61,54.2,58.8,49.5,48.9,59.3,43.1,81,87,0.091,0.091,0.0,11.7,16.0,35.8,New Orleans,LA,Gulf South,29.9511,-90.0715
2025-12-09,3,47.8,52.6,43.7,43.8,50.2,38.7,80,51,0.0,0.0,0.0,4.8,10.0,21.3,New Orleans,LA,Gulf South,29.9511,-90.0715
2025-12-10,2,55.9,69.9,43.5,53.8,68.7,40.2,79,7,0.0,0.0,0.0,5.1,10.2,19.9,New Orleans,LA,Gulf South,29.9511,-90.0715
2025-12-11,0,53.3,58.9,48.5,49.4,55.0,43.5,71,0,0.0,0.0,0.0,5.8,9.2,19.5,New Orleans,LA,Gulf South,29.9511,-90.0715
2025-12-12,3,60.1,73.1,46.9,60.1,75.0,43.7,81,31,0.0,0.0,0.0,3.6,5.2,12.8,New Orleans,LA,Gulf South,29.9511,-90.0715
2025-12-13,3,66.2,75.2,60.5,68.4,77.9,61.4,84,25,0.0,0.0,0.0,3.8,5.7,11.4,New Orleans,LA,Gulf South,29.9511,-90.0715
2025-12-14,61,53.4,63.3,40.5,47.4,64.9,28.9,75,46,0.063,0.063,0.0,12.9,17.7,39.6,New Orleans,LA,Gulf South,29.9511,-90.0715
2025-12-15,2,37.9,43.2,32.6,30.3,37.5,23.4,60,3,0.0,0.0,0.0,7.1,14.9,33.1,New Orleans,LA,Gulf South,29.9511,-90.0715
2025-12-16,3,48.5,59.7,38.0,44.9,57.2,33.5,80,75,0.0,0.0,0.0,4.7,7.1,15.9,New Orleans,LA,Gulf South,29.9511,-90.0715
2025-12-17,51,57.6,61.5,53.1,55.9,60.6,50.5,90,100,0.016,0.016,0.0,7.7,10.0,21.7,New Orleans,LA,Gulf South,29.9511,-90.0715
2025-12-18,65,67.1,76.7,60.3,68.4,79.6,60.2,85,44,0.402,0.402,0.0,7.2,12.2,23.5,New Orleans,LA,Gulf South,29.9511,-90.0715
2025-12-19,0,55.4,65.1,49.5,50.8,64.8,46.0,62,1,0.0,0.0,0.0,6.9,16.7,32.4,New Orleans,LA,Gulf South,29.9511,-90.0715
2025-12-20,3,59.3,72.1,47.2,57.9,72.0,43.8,78,20,0.0,0.0,0.0,5.9,8.2,17.7,New Orleans,LA,Gulf South,29.9511,-90.0715
2025-12-21,55,68.3,76.6,63.0,72.2,81.6,66.6,92,60,0.114,0.114,0.0,4.7,8.3,15.9,New Orleans,LA,Gulf South,29.9511,-90.0715
2025-12-22,61,68.2,74.8,63.6,71.5,78.8,64.6,90,53,0.181,0.181,0.0,4.9,7.8,19.0,New Orleans,LA,Gulf South,29.9511,-90.0715
2025-12-23,1,66.4,75.5,60.3,68.9,79.7,61.1,89,5,0.0,0.0,0.0,4.9,6.6,13.4,New Orleans,LA,Gulf South,29.9511,-90.0715
2025-12-24,3,64.7,71.2,60.4,68.2,76.2,62.7,96,65,0.0,0.0,0.0,3.5,5.6,12.1,New Orleans,LA,Gulf South,29.9511,-90.0715
2025-12-25,3,63.2,71.6,57.9,66.0,76.8,59.1,95,78,0.0,0.0,0.0,3.2,6.7,12.5,New Orleans,LA,Gulf South,29.9511,-90.0715
2025-12-26,51,68.9,76.8,62.9,71.6,79.8,64.7,89,57,0.008,0.008,0.0,6.9,9.0,19.5,New Orleans,LA,Gulf South,29.9511,-90.0715
2025-12-27,3,69.3,76.6,63.1,73.3,82.0,67.0,89,23,0.0,0.0,0.0,4.5,7.2,14.8,New Orleans,LA,Gulf South,29.9511,-90.0715
2025-12-28,55,69.9,76.1,65.4,72.6,78.5,66.6,86,34,0.083,0.083,0.0,6.9,8.6,23.7,New Orleans,LA,Gulf South,29.9511,-90.0715
2025-12-29,53,55.5,68.1,44.9,48.5,71.4,33.9,62,81,0.059,0.059,0.0,14.4,20.5,48.1,New Orleans,LA,Gulf South,29.9511,-90.0715
2025-12-30,3,42.9,48.3,37.6,33.4,39.3,27.5,54,18,0.0,0.0,0.0,12.1,15.3,33.3,New Orleans,LA,Gulf South,29.9511,-90.0715
2025-12-31,0,47.0,57.3,40.4,41.1,52.0,33.1,58,0,0.0,0.0,0.0,5.2,8.8,19.0,New Orleans,LA,Gulf South,29.9511,-90.0715
2026-01-01,3,54.0,66.9,45.3,49.9,63.0,40.7,65,41,0.0,0.0,0.0,5.2,8.0,15.7,New Orleans,LA,Gulf South,29.9511,-90.0715
2026-01-02,55,63.2,71.5,54.8,60.9,68.8,51.6,78,66,0.043,0.043,0.0,10.4,15.2,33.6,New Orleans,LA,Gulf South,29.9511,-90.0715
2026-01-03,51,68.6,76.6,59.8,69.4,79.1,57.4,86,62,0.016,0.016,0.0,10.5,15.6,30.6,New Orleans,LA,Gulf South,29.9511,-90.0715
2026-01-04,51,58.1,60.3,55.9,56.6,60.7,53.1,83,73,0.008,0.008,0.0,5.7,10.9,22.4,New Orleans,LA,Gulf South,29.9511,-90.0715
2026-01-05,3,61.5,69.2,56.2,62.6,71.8,56.0,87,61,0.0,0.0,0.0,3.4,6.6,13.2,New Orleans,LA,Gulf South,29.9511,-90.0715
2026-01-06,51,67.5,77.6,60.7,68.6,78.8,60.9,83,41,0.008,0.008,0.0,7.1,8.9,21.0,New Orleans,LA,Gulf South,29.9511,-90.0715
2026-01-07,51,68.5,74.9,63.6,71.7,80.8,65.5,88,35,0.031,0.031,0.0,5.3,7.8,16.1,New Orleans,LA,Gulf South,29.9511,-90.0715
2026-01-08,3,70.3,76.7,65.6,72.1,76.0,68.0,84,76,0.0,0.0,0.0,8.8,13.8,31.3,New Orleans,LA,Gulf South,29.9511,-90.0715
2026-01-09,61,72.5,78.0,69.3,75.4,82.8,71.0,89,53,0.165,0.165,0.0,10.6,13.8,30.4,New Orleans,LA,Gulf South,29.9511,-90.0715
2026-01-10,55,69.2,72.6,60.8,70.4,75.9,54.8,87,74,0.185,0.185,0.0,10.7,16.1,33.3,New Orleans,LA,Gulf South,29.9511,-90.0715
2026-01-11,3,54.7,59.5,49.6,47.1,52.6,41.4,59,94,0.0,0.0,0.0,12.8,15.8,37.1,New Orleans,LA,Gulf South,29.9511,-90.0715
2026-01-12,3,47.0,50.9,42.1,40.1,45.6,34.3,55,70,0.0,0.0,0.0,7.3,12.2,26.4,New Orleans,LA,Gulf South,29.9511,-90.0715
2026-01-13,53,49.3,56.3,43.1,44.7,51.7,38.6,58,42,0.035,0.035,0.0,2.8,6.0,13.6,New Orleans,LA,Gulf South,29.9511,-90.0715
2026-01-14,61,55.0,65.0,47.8,50.3,60.0,42.8,70,70,0.185,0.185,0.0,8.5,15.1,32.0,New Orleans,LA,Gulf South,29.9511,-90.0715
2026-01-15,51,48.0,52.9,43.8,40.8,47.6,34.2,57,11,0.016,0.016,0.0,9.1,14.1,29.5,New Orleans,LA,Gulf South,29.9511,-90.0715
2026-01-16,3,53.2,65.9,40.0,48.7,60.3,34.8,65,18,0.0,0.0,0.0,6.3,12.1,27.1,New Orleans,LA,Gulf South,29.9511,-90.0715
2026-01-17,53,52.9,59.4,47.0,47.0,56.9,37.7,69,74,0.035,0.035,0.0,10.1,13.9,31.1,New Orleans,LA,Gulf South,29.9511,-90.0715
2026-01-18,51,42.9,46.5,38.2,34.0,37.6,28.6,48,21,0.016,0.016,0.0,9.9,15.2,33.8,New Orleans,LA,Gulf South,29.9511,-90.0715
2026-01-19,2,45.7,54.2,38.4,40.3,48.6,32.3,54,4,0.0,0.0,0.0,3.2,6.2,13.9,New Orleans,LA,Gulf South,29.9511,-90.0715
2026-01-20,3,49.1,59.2,40.7,44.2,54.5,36.1,66,77,0.0,0.0,0.0,5.0,8.6,18.6,New Orleans,LA,Gulf South,29.9511,-90.0715
2026-01-21,53,59.2,69.1,49.7,55.7,66.1,43.5,70,97,0.079,0.079,0.0,7.9,10.4,24.4,New Orleans,LA,Gulf South,29.9511,-90.0715
2026-01-22,53,62.0,69.4,57.5,63.7,72.5,58.1,95,73,0.138,0.138,0.0,4.5,10.8,19.2,New Orleans,LA,Gulf South,29.9511,-90.0715
2026-01-23,3,59.0,63.9,56.6,58.5,62.6,53.5,92,92,0.0,0.0,0.0,6.0,10.0,19.5,New Orleans,LA,Gulf South,29.9511,-90.0715
2026-01-24,65,57.2,65.5,52.1,54.8,65.9,47.6,90,95,0.602,0.602,0.0,9.2,11.5,24.6,New Orleans,LA,Gulf South,29.9511,-90.0715
2026-01-25,65,54.0,69.3,36.8,49.2,69.2,26.3,90,91,1.051,1.051,0.0,14.4,18.0,40.3,New Orleans,LA,Gulf South,29.9511,-90.0715
2026-01-26,3,34.6,40.2,30.6,23.6,28.6,19.4,68,50,0.0,0.0,0.0,14.9,17.4,39.4,New Orleans,LA,Gulf South,29.9511,-90.0715
2026-01-27,3,36.1,42.9,29.5,29.2,37.5,21.6,63,16,0.0,0.0,0.0,5.4,11.3,24.4,New Orleans,LA,Gulf South,29.9511,-90.0715
2026-01-28,3,42.4,48.8,37.4,37.1,43.9,31.6,65,16,0.0,0.0,0.0,3.7,6.4,15.2,New Orleans,LA,Gulf South,29.9511,-90.0715
2026-01-29,3,45.6,54.9,37.0,41.4,51.3,32.4,73,34,0.0,0.0,0.0,3.3,6.0,12.3,New Orleans,LA,Gulf South,29.9511,-90.0715
2026-01-30,3,48.8,57.2,42.8,43.7,53.2,32.6,75,65,0.0,0.0,0.0,7.3,16.1,33.1,New Orleans,LA,Gulf South,29.9511,-90.0715
2026-01-31,3,34.3,41.1,29.1,22.1,30.3,16.4,50,16,0.0,0.0,0.0,16.5,21.0,46.8,New Orleans,LA,Gulf South,29.9511,-90.0715
2026-02-01,0,32.7,41.4,26.3,24.6,35.7,16.2,58,1,0.0,0.0,0.0,6.9,12.8,30.2,New Orleans,LA,Gulf South,29.9511,-90.0715
2026-02-02,3,43.0,55.5,32.1,37.2,51.1,26.7,58,22,0.0,0.0,0.0,4.2,7.8,15.7,New Orleans,LA,Gulf South,29.9511,-90.0715
2026-02-03,3,56.2,68.3,44.1,52.4,63.7,40.0,70,60,0.0,0.0,0.0,7.7,13.9,31.5,New Orleans,LA,Gulf South,29.9511,-90.0715
2026-02-04,63,55.3,58.8,46.5,51.5,58.1,37.6,79,64,0.445,0.445,0.0,8.9,13.6,28.4,New Orleans,LA,Gulf South,29.9511,-90.0715
2026-02-05,0,44.0,51.2,37.0,36.3,43.3,27.6,61,0,0.0,0.0,0.0,9.8,13.4,28.6,New Orleans,LA,Gulf South,29.9511,-90.0715
2026-02-06,0,55.9,71.8,43.2,51.4,68.5,36.6,67,0,0.0,0.0,0.0,8.0,9.9,19.2,New Orleans,LA,Gulf South,29.9511,-90.0715
2026-02-07,0,55.7,63.2,50.1,52.2,60.4,45.2,64,0,0.0,0.0,0.0,5.1,8.8,20.1,New Orleans,LA,Gulf South,29.9511,-90.0715
2026-02-08,1,55.9,67.3,45.5,53.4,68.7,41.1,71,2,0.0,0.0,0.0,4.6,8.5,16.6,New Orleans,LA,Gulf South,29.9511,-90.0715
2026-02-09,3,61.0,71.2,51.9,61.5,74.5,50.2,84,21,0.0,0.0,0.0,4.5,7.9,16.1,New Orleans,LA,Gulf South,29.9511,-90.0715
2026-02-10,3,64.1,74.8,55.4,63.8,74.6,54.7,80,57,0.0,0.0,0.0,6.6,9.9,23.3,New Orleans,LA,Gulf South,29.9511,-90.0715
2026-02-11,63,66.8,75.1,61.2,69.0,79.3,62.9,85,49,0.217,0.217,0.0,4.7,9.3,18.6,New Orleans,LA,Gulf South,29.9511,-90.0715
2026-02-12,51,63.3,68.5,59.8,65.6,72.3,60.4,92,53,0.008,0.008,0.0,3.5,5.9,16.8,New Orleans,LA,Gulf South,29.9511,-90.0715
2026-02-13,3,63.0,70.7,58.9,65.4,72.7,59.8,92,85,0.0,0.0,0.0,2.7,5.6,11.4,New Orleans,LA,Gulf South,29.9511,-90.0715
2026-02-14,53,64.6,74.1,55.9,64.7,72.3,55.4,85,94,0.043,0.043,0.0,7.9,12.0,27.7,New Orleans,LA,Gulf South,29.9511,-90.0715
2026-02-15,65,66.7,72.3,61.7,64.7,69.4,58.1,78,33,0.677,0.677,0.0,12.8,16.4,34.7,New Orleans,LA,Gulf South,29.9511,-90.0715
2026-02-16,3,57.8,59.7,55.0,55.8,59.4,53.3,80,71,0.0,0.0,0.0,6.1,14.0,28.6,New Orleans,LA,Gulf South,29.9511,-90.0715
2026-02-17,51,62.6,71.3,53.5,62.1,70.2,51.0,80,76,0.004,0.004,0.0,6.1,9.8,22.8,New Orleans,LA,Gulf South,29.9511,-90.0715
2026-02-18,53,69.4,76.4,63.8,70.9,76.1,64.8,83,93,0.035,0.035,0.0,8.5,13.5,30.6,New Orleans,LA,Gulf South,29.9511,-90.0715
2026-02-19,51,73.1,80.2,68.4,76.0,83.2,71.5,87,60,0.02,0.02,0.0,11.0,13.8,31.5,New Orleans,LA,Gulf South,29.9511,-90.0715
2026-02-20,53,73.9,81.1,69.7,78.3,84.4,73.1,87,69,0.075,0.075,0.0,8.3,10.8,24.8,New Orleans,LA,Gulf South,29.9511,-90.0715
2026-02-21,55,75.1,82.8,68.2,78.9,88.2,63.2,81,64,0.102,0.102,0.0,8.3,17.3,37.8,New Orleans,LA,Gulf South,29.9511,-90.0715
2026-02-22,3,55.6,65.2,50.3,44.8,58.7,39.1,43,13,0.0,0.0,0.0,17.9,19.9,43.6,New Orleans,LA,Gulf South,29.9511,-90.0715
2026-02-23,0,49.3,55.8,42.9,39.6,46.3,32.4,36,0,0.0,0.0,0.0,12.4,16.4,34.9,New Orleans,LA,Gulf South,29.9511,-90.0715
2026-02-24,3,50.0,60.3,39.7,44.0,56.2,34.1,48,19,0.0,0.0,0.0,6.1,9.6,24.6,New Orleans,LA,Gulf South,29.9511,-90.0715
2026-02-25,3,64.3,73.3,55.4,60.8,67.7,50.9,67,67,0.0,0.0,0.0,10.6,16.4,37.1,New Orleans,LA,Gulf South,29.9511,-90.0715
2026-02-26,51,70.0,76.1,65.2,69.7,74.2,64.2,75,58,0.047,0.047,0.0,10.4,14.6,36.2,New Orleans,LA,Gulf South,29.9511,-90.0715
2026-02-27,65,67.9,74.8,63.5,71.1,79.9,65.3,88,44,0.65,0.65,0.0,5.4,8.2,16.3,New Orleans,LA,Gulf South,29.9511,-90.0715
2026-02-28,3,64.2,72.6,58.8,65.1,75.2,59.9,81,47,0.0,0.0,0.0,4.5,6.8,14.5,New Orleans,LA,Gulf South,29.9511,-90.0715
